Date,State,District,Enrolments,Updates,Forecast,Is_Anomaly,Latest Month,MEGR (%),Risk Level,Volatility Level,Underperformance Flag
2025-01-01,Uttar Pradesh,Lucknow,4934,610,5427,False,Jan 2025,-8.14,Medium,Moderate,Yes
2025-01-01,Uttar Pradesh,Varanasi,1995,725,2194,False,Jan 2025,13.83,Low,Moderate,No
2025-01-01,Uttar Pradesh,Kanpur,1323,802,1455,False,Jan 2025,45.78,Low,Stable,No
2025-01-01,Maharashtra,Pune,2697,1514,2966,False,Jan 2025,41.09,Low,Stable,No
2025-01-01,Maharashtra,Nagpur,3257,1214,3582,False,Jan 2025,39.46,Low,Stable,No
2025-01-01,Maharashtra,Mumbai,3447,1780,3791,False,Jan 2025,-7.23,Medium,Moderate,Yes
2025-01-01,Bihar,Patna,1279,628,1406,False,Jan 2025,41.37,Medium,High,No
2025-01-01,Bihar,Gaya,611,1483,672,False,Jan 2025,10.55,High,Stable,No
2025-01-01,Bihar,Muzaffarpur,4554,711,5009,False,Jan 2025,29.31,Medium,Stable,No
2025-01-01,West Bengal,Kolkata,669,1322,735,False,Jan 2025,10.52,Low,High,No
2025-01-01,West Bengal,Howrah,2422,353,2664,False,Jan 2025,31.37,Low,Stable,No
2025-01-01,West Bengal,Darjeeling,1844,1617,2028,False,Jan 2025,-2.79,Low,Stable,Yes
2025-01-01,Madhya Pradesh,Bhopal,2367,574,2603,False,Jan 2025,46.98,Low,Stable,No
2025-01-01,Madhya Pradesh,Indore,4902,520,5392,False,Jan 2025,7.77,Low,Stable,No
2025-01-01,Madhya Pradesh,Gwalior,4789,357,5267,False,Jan 2025,3.12,Low,High,No
2025-01-01,Tamil Nadu,Chennai,2587,369,2845,False,Jan 2025,44.79,Low,Moderate,No
2025-01-01,Tamil Nadu,Coimbatore,225,603,247,False,Jan 2025,-1.71,High,Stable,Yes
2025-01-01,Tamil Nadu,Madurai,1471,605,1618,False,Jan 2025,8.91,Low,Moderate,No
2025-01-01,Rajasthan,Jaipur,3950,674,4345,False,Jan 2025,-3.64,Low,Stable,Yes
2025-01-01,Rajasthan,Udaipur,4521,870,4973,False,Jan 2025,11.12,Low,Moderate,No
2025-01-01,Rajasthan,Kota,4015,481,4416,False,Jan 2025,40.7,Low,Stable,No
2025-01-01,Karnataka,Bengaluru,3455,1873,3800,False,Jan 2025,19.23,Low,Stable,No
2025-01-01,Karnataka,Mysuru,4692,984,5161,False,Jan 2025,30.98,Low,Stable,No
2025-01-01,Karnataka,Hubli,1227,999,1349,False,Jan 2025,47.44,Low,Stable,No
2025-01-01,Gujarat,Ahmedabad,406,1697,446,False,Jan 2025,32.28,Medium,Stable,No
2025-01-01,Gujarat,Surat,3816,1329,4197,True,Jan 2025,30.21,Medium,Stable,No
2025-01-01,Gujarat,Vadodara,4170,1651,4587,False,Jan 2025,27.76,Low,Stable,No
2025-01-01,Andhra Pradesh,Visakhapatnam,4258,686,4683,False,Jan 2025,47.42,Low,Stable,No
2025-01-01,Andhra Pradesh,Vijayawada,4970,1709,5467,True,Jan 2025,17.98,Low,Stable,No
2025-01-01,Andhra Pradesh,Guntur,3629,482,3991,False,Jan 2025,-8.67,Low,Stable,Yes
2025-01-02,Uttar Pradesh,Lucknow,702,263,772,False,Jan 2025,16.9,Low,Stable,No
2025-01-02,Uttar Pradesh,Varanasi,4817,671,5298,False,Jan 2025,43.8,Low,Stable,No
2025-01-02,Uttar Pradesh,Kanpur,4321,1218,4753,False,Jan 2025,37.2,Low,Stable,No
2025-01-02,Maharashtra,Pune,3207,1267,3527,False,Jan 2025,36.15,Low,Stable,No
2025-01-02,Maharashtra,Nagpur,4348,450,4782,False,Jan 2025,5.56,Medium,Stable,No
2025-01-02,Maharashtra,Mumbai,3459,1553,3804,False,Jan 2025,-3.86,Medium,Stable,Yes
2025-01-02,Bihar,Patna,2512,1433,2763,False,Jan 2025,31.3,Low,Moderate,No
2025-01-02,Bihar,Gaya,3354,208,3689,False,Jan 2025,46.27,Low,Stable,No
2025-01-02,Bihar,Muzaffarpur,4508,1325,4958,False,Jan 2025,-3.21,Medium,Stable,Yes
2025-01-02,West Bengal,Kolkata,4361,831,4797,True,Jan 2025,-0.66,Low,Stable,Yes
2025-01-02,West Bengal,Howrah,3994,1725,4393,False,Jan 2025,45.16,Low,Stable,No
2025-01-02,West Bengal,Darjeeling,4682,1658,5150,False,Jan 2025,27.37,Medium,Moderate,No
2025-01-02,Madhya Pradesh,Bhopal,4213,141,4634,False,Jan 2025,24.29,Medium,Stable,No
2025-01-02,Madhya Pradesh,Indore,2052,713,2257,False,Jan 2025,24.54,Low,Stable,No
2025-01-02,Madhya Pradesh,Gwalior,3428,1169,3770,False,Jan 2025,29.48,Low,High,No
2025-01-02,Tamil Nadu,Chennai,2090,661,2299,False,Jan 2025,29.23,Medium,Stable,No
2025-01-02,Tamil Nadu,Coimbatore,4922,1388,5414,False,Jan 2025,25.8,Low,Stable,No
2025-01-02,Tamil Nadu,Madurai,4486,1802,4934,False,Jan 2025,47.11,Low,Stable,No
2025-01-02,Rajasthan,Jaipur,3641,1353,4005,False,Jan 2025,29.77,Low,Stable,No
2025-01-02,Rajasthan,Udaipur,4862,1482,5348,False,Jan 2025,27.77,Medium,Stable,No
2025-01-02,Rajasthan,Kota,1670,1857,1837,False,Jan 2025,10.61,Low,Stable,No
2025-01-02,Karnataka,Bengaluru,559,272,614,False,Jan 2025,-3.62,Medium,Stable,Yes
2025-01-02,Karnataka,Mysuru,2946,1251,3240,False,Jan 2025,30.88,Low,Stable,No
2025-01-02,Karnataka,Hubli,3639,750,4002,False,Jan 2025,16.41,Low,Moderate,No
2025-01-02,Gujarat,Ahmedabad,4839,762,5322,False,Jan 2025,29.78,Medium,High,No
2025-01-02,Gujarat,Surat,2647,1504,2911,False,Jan 2025,12.52,Medium,Stable,No
2025-01-02,Gujarat,Vadodara,2962,1586,3258,False,Jan 2025,10.79,Medium,Moderate,No
2025-01-02,Andhra Pradesh,Visakhapatnam,2734,1694,3007,False,Jan 2025,24.58,Low,Moderate,No
2025-01-02,Andhra Pradesh,Vijayawada,2680,237,2948,False,Jan 2025,24.79,Low,Stable,No
2025-01-02,Andhra Pradesh,Guntur,1079,134,1186,False,Jan 2025,6.33,Medium,Moderate,No
2025-01-03,Uttar Pradesh,Lucknow,1644,126,1808,False,Jan 2025,-9.59,Medium,Moderate,Yes
2025-01-03,Uttar Pradesh,Varanasi,1281,1103,1409,False,Jan 2025,26.32,Low,Stable,No
2025-01-03,Uttar Pradesh,Kanpur,3313,1237,3644,False,Jan 2025,27.5,Low,Stable,No
2025-01-03,Maharashtra,Pune,4441,1910,4885,False,Jan 2025,-6.57,Low,Stable,Yes
2025-01-03,Maharashtra,Nagpur,704,148,774,False,Jan 2025,19.22,Medium,Stable,No
2025-01-03,Maharashtra,Mumbai,4213,319,4634,False,Jan 2025,37.11,Low,Stable,No
2025-01-03,Bihar,Patna,4644,1036,5108,False,Jan 2025,32.92,Low,Stable,No
2025-01-03,Bihar,Gaya,957,374,1052,False,Jan 2025,12.76,Low,Stable,No
2025-01-03,Bihar,Muzaffarpur,3628,1187,3990,False,Jan 2025,34.44,Medium,Stable,No
2025-01-03,West Bengal,Kolkata,4240,325,4664,False,Jan 2025,27.3,Low,Stable,No
2025-01-03,West Bengal,Howrah,1756,719,1931,False,Jan 2025,-3.99,Low,Stable,Yes
2025-01-03,West Bengal,Darjeeling,2170,1236,2387,False,Jan 2025,34.83,Low,Moderate,No
2025-01-03,Madhya Pradesh,Bhopal,3854,1192,4239,False,Jan 2025,46.6,Low,Stable,No
2025-01-03,Madhya Pradesh,Indore,2071,902,2278,False,Jan 2025,20.01,Low,Moderate,No
2025-01-03,Madhya Pradesh,Gwalior,3583,1256,3941,False,Jan 2025,19.12,Low,Stable,No
2025-01-03,Tamil Nadu,Chennai,4753,1862,5228,False,Jan 2025,-7.62,High,Stable,Yes
2025-01-03,Tamil Nadu,Coimbatore,1735,1575,1908,False,Jan 2025,39.91,Low,Moderate,No
2025-01-03,Tamil Nadu,Madurai,1696,652,1865,True,Jan 2025,44.3,Low,Stable,No
2025-01-03,Rajasthan,Jaipur,3039,1986,3342,False,Jan 2025,38.9,Low,Moderate,No
2025-01-03,Rajasthan,Udaipur,938,550,1031,False,Jan 2025,8.08,Medium,Moderate,No
2025-01-03,Rajasthan,Kota,2314,1534,2545,False,Jan 2025,39.4,Low,Moderate,No
2025-01-03,Karnataka,Bengaluru,3778,742,4155,False,Jan 2025,-0.45,Low,Stable,Yes
2025-01-03,Karnataka,Mysuru,4290,485,4719,False,Jan 2025,-9.31,Medium,High,Yes
2025-01-03,Karnataka,Hubli,2018,994,2219,True,Jan 2025,32.13,Medium,Stable,No
2025-01-03,Gujarat,Ahmedabad,2147,1156,2361,False,Jan 2025,27.53,Medium,Stable,No
2025-01-03,Gujarat,Surat,3135,1866,3448,False,Jan 2025,-1.94,Low,Moderate,Yes
2025-01-03,Gujarat,Vadodara,518,1402,569,False,Jan 2025,3.92,Low,Stable,No
2025-01-03,Andhra Pradesh,Visakhapatnam,2250,751,2475,False,Jan 2025,18.32,Medium,Stable,No
2025-01-03,Andhra Pradesh,Vijayawada,1847,1363,2031,False,Jan 2025,36.2,Low,Stable,No
2025-01-03,Andhra Pradesh,Guntur,4592,459,5051,False,Jan 2025,-1.09,Medium,Stable,Yes
2025-01-04,Uttar Pradesh,Lucknow,4715,1868,5186,False,Jan 2025,9.06,Low,Moderate,No
2025-01-04,Uttar Pradesh,Varanasi,4817,747,5298,False,Jan 2025,11.67,Low,High,No
2025-01-04,Uttar Pradesh,Kanpur,1721,1135,1893,False,Jan 2025,49.64,Low,Stable,No
2025-01-04,Maharashtra,Pune,2480,140,2728,False,Jan 2025,-6.84,High,Stable,Yes
2025-01-04,Maharashtra,Nagpur,3188,1212,3506,False,Jan 2025,22.31,Medium,Stable,No
2025-01-04,Maharashtra,Mumbai,1773,1654,1950,False,Jan 2025,31.1,Low,Stable,No
2025-01-04,Bihar,Patna,3032,153,3335,False,Jan 2025,24.12,Low,Stable,No
2025-01-04,Bihar,Gaya,1101,542,1211,False,Jan 2025,14.53,Low,Stable,No
2025-01-04,Bihar,Muzaffarpur,2747,1709,3021,False,Jan 2025,30.24,Low,Stable,No
2025-01-04,West Bengal,Kolkata,3528,181,3880,False,Jan 2025,14.77,Low,Stable,No
2025-01-04,West Bengal,Howrah,2952,1362,3247,False,Jan 2025,46.9,High,Stable,No
2025-01-04,West Bengal,Darjeeling,2810,835,3091,False,Jan 2025,22.5,Low,Stable,No
2025-01-04,Madhya Pradesh,Bhopal,4499,161,4948,False,Jan 2025,29.73,High,Stable,No
2025-01-04,Madhya Pradesh,Indore,3636,321,3999,True,Jan 2025,25.73,Low,Stable,No
2025-01-04,Madhya Pradesh,Gwalior,1604,987,1764,False,Jan 2025,44.7,Medium,Stable,No
2025-01-04,Tamil Nadu,Chennai,3392,938,3731,False,Jan 2025,43.3,High,Stable,No
2025-01-04,Tamil Nadu,Coimbatore,2268,584,2494,False,Jan 2025,49.29,Low,Moderate,No
2025-01-04,Tamil Nadu,Madurai,4621,871,5083,False,Jan 2025,41.67,Low,High,No
2025-01-04,Rajasthan,Jaipur,1333,1891,1466,False,Jan 2025,33.11,Low,Stable,No
2025-01-04,Rajasthan,Udaipur,3043,684,3347,False,Jan 2025,42.28,Low,Stable,No
2025-01-04,Rajasthan,Kota,1569,1877,1725,False,Jan 2025,25.81,Low,High,No
2025-01-04,Karnataka,Bengaluru,3814,1933,4195,False,Jan 2025,46.02,Medium,Stable,No
2025-01-04,Karnataka,Mysuru,2429,1566,2671,False,Jan 2025,19.52,Low,Stable,No
2025-01-04,Karnataka,Hubli,634,816,697,False,Jan 2025,14.99,Low,Moderate,No
2025-01-04,Gujarat,Ahmedabad,2590,1727,2849,False,Jan 2025,29.14,Low,High,No
2025-01-04,Gujarat,Surat,3042,127,3346,False,Jan 2025,-1.04,Medium,Stable,Yes
2025-01-04,Gujarat,Vadodara,1482,635,1630,False,Jan 2025,36.75,Medium,Moderate,No
2025-01-04,Andhra Pradesh,Visakhapatnam,1524,1351,1676,False,Jan 2025,2.67,Medium,Stable,No
2025-01-04,Andhra Pradesh,Vijayawada,3424,359,3766,False,Jan 2025,49.52,Low,Stable,No
2025-01-04,Andhra Pradesh,Guntur,2846,665,3130,False,Jan 2025,33.53,Low,Moderate,No
2025-01-05,Uttar Pradesh,Lucknow,1906,1869,2096,False,Jan 2025,22.58,Medium,Stable,No
2025-01-05,Uttar Pradesh,Varanasi,992,543,1091,False,Jan 2025,47.48,Low,Stable,No
2025-01-05,Uttar Pradesh,Kanpur,1998,769,2197,True,Jan 2025,30.35,Low,Stable,No
2025-01-05,Maharashtra,Pune,2479,294,2726,False,Jan 2025,14.53,Low,Stable,No
2025-01-05,Maharashtra,Nagpur,1560,631,1716,False,Jan 2025,-7.71,Low,Stable,Yes
2025-01-05,Maharashtra,Mumbai,3336,1354,3669,False,Jan 2025,49.29,Low,Stable,No
2025-01-05,Bihar,Patna,481,1903,529,False,Jan 2025,38.02,High,High,No
2025-01-05,Bihar,Gaya,3221,1126,3543,False,Jan 2025,2.2,Low,Stable,No
2025-01-05,Bihar,Muzaffarpur,3129,325,3441,False,Jan 2025,23.13,Low,Stable,No
2025-01-05,West Bengal,Kolkata,3857,1712,4242,False,Jan 2025,21.86,Medium,Stable,No
2025-01-05,West Bengal,Howrah,1444,1463,1588,False,Jan 2025,31.65,Medium,Stable,No
2025-01-05,West Bengal,Darjeeling,3425,1381,3767,True,Jan 2025,29.24,Low,Stable,No
2025-01-05,Madhya Pradesh,Bhopal,2269,347,2495,True,Jan 2025,21.37,Low,Stable,No
2025-01-05,Madhya Pradesh,Indore,1954,1108,2149,False,Jan 2025,-4.43,Low,Stable,Yes
2025-01-05,Madhya Pradesh,Gwalior,1677,1904,1844,False,Jan 2025,11.6,High,High,No
2025-01-05,Tamil Nadu,Chennai,623,1374,685,False,Jan 2025,24.62,Low,Moderate,No
2025-01-05,Tamil Nadu,Coimbatore,3788,1960,4166,False,Jan 2025,47.67,High,High,No
2025-01-05,Tamil Nadu,Madurai,3780,788,4158,False,Jan 2025,2.68,Low,Stable,No
2025-01-05,Rajasthan,Jaipur,4312,1592,4743,False,Jan 2025,2.14,Medium,High,No
2025-01-05,Rajasthan,Udaipur,2906,1751,3196,False,Jan 2025,-5.45,High,Stable,Yes
2025-01-05,Rajasthan,Kota,2537,257,2790,False,Jan 2025,17.24,Low,Stable,No
2025-01-05,Karnataka,Bengaluru,2313,497,2544,True,Jan 2025,20.64,Low,Stable,No
2025-01-05,Karnataka,Mysuru,3842,1314,4226,False,Jan 2025,46.31,Low,Stable,No
2025-01-05,Karnataka,Hubli,3868,1631,4254,False,Jan 2025,38.97,Medium,High,No
2025-01-05,Gujarat,Ahmedabad,3689,730,4057,False,Jan 2025,30.62,Low,Stable,No
2025-01-05,Gujarat,Surat,1285,1949,1413,False,Jan 2025,-7.29,Low,Stable,Yes
2025-01-05,Gujarat,Vadodara,332,1058,365,False,Jan 2025,38.49,Low,Stable,No
2025-01-05,Andhra Pradesh,Visakhapatnam,1563,1971,1719,False,Jan 2025,21.04,Low,Stable,No
2025-01-05,Andhra Pradesh,Vijayawada,2389,1264,2627,False,Jan 2025,46.52,Low,Moderate,No
2025-01-05,Andhra Pradesh,Guntur,4690,1076,5159,False,Jan 2025,17.92,Low,Stable,No
2025-01-06,Uttar Pradesh,Lucknow,1570,991,1727,False,Jan 2025,36.68,Low,Stable,No
2025-01-06,Uttar Pradesh,Varanasi,2698,926,2967,True,Jan 2025,16.52,Low,Stable,No
2025-01-06,Uttar Pradesh,Kanpur,2869,1422,3155,False,Jan 2025,34.24,Low,Stable,No
2025-01-06,Maharashtra,Pune,2341,1631,2575,False,Jan 2025,22.82,Low,High,No
2025-01-06,Maharashtra,Nagpur,260,687,286,False,Jan 2025,41.16,Medium,Stable,No
2025-01-06,Maharashtra,Mumbai,336,324,369,False,Jan 2025,-1.36,Low,Moderate,Yes
2025-01-06,Bihar,Patna,1712,274,1883,False,Jan 2025,24.3,Low,Moderate,No
2025-01-06,Bihar,Gaya,3828,1841,4210,False,Jan 2025,13.47,Low,Stable,No
2025-01-06,Bihar,Muzaffarpur,473,396,520,False,Jan 2025,4.33,Low,Moderate,No
2025-01-06,West Bengal,Kolkata,1089,189,1197,False,Jan 2025,26.98,Medium,Moderate,No
2025-01-06,West Bengal,Howrah,1906,1387,2096,False,Jan 2025,-6.39,Low,Stable,Yes
2025-01-06,West Bengal,Darjeeling,3339,1192,3672,False,Jan 2025,22.45,Low,Stable,No
2025-01-06,Madhya Pradesh,Bhopal,4135,592,4548,False,Jan 2025,31.35,Medium,Stable,No
2025-01-06,Madhya Pradesh,Indore,3336,782,3669,False,Jan 2025,44.75,Low,Stable,No
2025-01-06,Madhya Pradesh,Gwalior,3878,1709,4265,False,Jan 2025,1.96,Low,Moderate,No
2025-01-06,Tamil Nadu,Chennai,373,1339,410,False,Jan 2025,0.71,Low,Stable,No
2025-01-06,Tamil Nadu,Coimbatore,3137,508,3450,False,Jan 2025,17.65,Low,Stable,No
2025-01-06,Tamil Nadu,Madurai,965,276,1061,False,Jan 2025,9.26,Medium,Moderate,No
2025-01-06,Rajasthan,Jaipur,4717,1691,5188,True,Jan 2025,34.48,Low,Stable,No
2025-01-06,Rajasthan,Udaipur,1937,1305,2130,False,Jan 2025,-5.01,Low,Stable,Yes
2025-01-06,Rajasthan,Kota,4575,1480,5032,False,Jan 2025,9.65,Medium,Moderate,No
2025-01-06,Karnataka,Bengaluru,3387,1673,3725,False,Jan 2025,-2.34,Low,Stable,Yes
2025-01-06,Karnataka,Mysuru,4768,1608,5244,False,Jan 2025,4.69,Low,Stable,No
2025-01-06,Karnataka,Hubli,3230,1360,3553,False,Jan 2025,7.99,Low,Moderate,No
2025-01-06,Gujarat,Ahmedabad,336,1125,369,False,Jan 2025,27.14,Low,Stable,No
2025-01-06,Gujarat,Surat,2170,961,2387,False,Jan 2025,46.96,Low,Moderate,No
2025-01-06,Gujarat,Vadodara,4316,1352,4747,False,Jan 2025,3.11,Low,High,No
2025-01-06,Andhra Pradesh,Visakhapatnam,4578,368,5035,False,Jan 2025,12.08,Low,Stable,No
2025-01-06,Andhra Pradesh,Vijayawada,2692,739,2961,False,Jan 2025,45.23,Medium,Stable,No
2025-01-06,Andhra Pradesh,Guntur,3153,1879,3468,False,Jan 2025,14.2,Low,Moderate,No
2025-01-07,Uttar Pradesh,Lucknow,1231,675,1354,False,Jan 2025,5.33,High,Stable,No
2025-01-07,Uttar Pradesh,Varanasi,3708,1706,4078,False,Jan 2025,20.84,Low,Stable,No
2025-01-07,Uttar Pradesh,Kanpur,3118,220,3429,False,Jan 2025,22.98,High,High,No
2025-01-07,Maharashtra,Pune,4344,1971,4778,False,Jan 2025,-4.6,Low,Moderate,Yes
2025-01-07,Maharashtra,Nagpur,2908,1246,3198,False,Jan 2025,32.28,Medium,Moderate,No
2025-01-07,Maharashtra,Mumbai,3164,1155,3480,False,Jan 2025,25.81,Low,Stable,No
2025-01-07,Bihar,Patna,3276,624,3603,False,Jan 2025,39.47,Medium,High,No
2025-01-07,Bihar,Gaya,4845,1525,5329,False,Jan 2025,6.1,Low,Stable,No
2025-01-07,Bihar,Muzaffarpur,3200,1488,3520,False,Jan 2025,13.95,Low,Stable,No
2025-01-07,West Bengal,Kolkata,291,1786,320,False,Jan 2025,36.94,Medium,Stable,No
2025-01-07,West Bengal,Howrah,416,770,457,False,Jan 2025,15.9,Low,Stable,No
2025-01-07,West Bengal,Darjeeling,4544,1430,4998,False,Jan 2025,40.24,Low,Stable,No
2025-01-07,Madhya Pradesh,Bhopal,590,496,649,False,Jan 2025,-2.14,Low,Stable,Yes
2025-01-07,Madhya Pradesh,Indore,2442,1583,2686,False,Jan 2025,26.73,Low,Stable,No
2025-01-07,Madhya Pradesh,Gwalior,3655,1545,4020,False,Jan 2025,35.24,Low,Stable,No
2025-01-07,Tamil Nadu,Chennai,2047,929,2251,False,Jan 2025,3.15,Medium,Stable,No
2025-01-07,Tamil Nadu,Coimbatore,1559,842,1714,False,Jan 2025,31.91,Low,Stable,No
2025-01-07,Tamil Nadu,Madurai,4171,1263,4588,False,Jan 2025,30.72,Low,Stable,No
2025-01-07,Rajasthan,Jaipur,2710,834,2981,False,Jan 2025,39.05,Medium,Moderate,No
2025-01-07,Rajasthan,Udaipur,176,1214,193,False,Jan 2025,2.81,Low,Stable,No
2025-01-07,Rajasthan,Kota,4654,291,5119,False,Jan 2025,47.39,Low,Moderate,No
2025-01-07,Karnataka,Bengaluru,3948,1470,4342,False,Jan 2025,28.6,Low,Stable,No
2025-01-07,Karnataka,Mysuru,918,1681,1009,False,Jan 2025,22.64,Low,High,No
2025-01-07,Karnataka,Hubli,4003,274,4403,False,Jan 2025,44.02,Low,High,No
2025-01-07,Gujarat,Ahmedabad,1267,381,1393,False,Jan 2025,13.58,Medium,Stable,No
2025-01-07,Gujarat,Surat,2435,1612,2678,False,Jan 2025,42.63,Low,Stable,No
2025-01-07,Gujarat,Vadodara,280,894,308,False,Jan 2025,-5.94,Medium,Stable,Yes
2025-01-07,Andhra Pradesh,Visakhapatnam,3717,1739,4088,False,Jan 2025,-6.71,Medium,Stable,Yes
2025-01-07,Andhra Pradesh,Vijayawada,1293,271,1422,True,Jan 2025,-9.26,Medium,Stable,Yes
2025-01-07,Andhra Pradesh,Guntur,1259,1632,1384,False,Jan 2025,-7.13,Low,Stable,Yes
2025-01-08,Uttar Pradesh,Lucknow,4686,1314,5154,False,Jan 2025,38.72,Low,Stable,No
2025-01-08,Uttar Pradesh,Varanasi,908,166,998,False,Jan 2025,0.96,Low,High,No
2025-01-08,Uttar Pradesh,Kanpur,697,1737,766,False,Jan 2025,39.68,Low,Stable,No
2025-01-08,Maharashtra,Pune,3388,479,3726,False,Jan 2025,-1.37,Medium,Stable,Yes
2025-01-08,Maharashtra,Nagpur,4661,1539,5127,False,Jan 2025,1.35,Low,Stable,No
2025-01-08,Maharashtra,Mumbai,923,1517,1015,False,Jan 2025,2.19,Medium,Stable,No
2025-01-08,Bihar,Patna,4919,699,5410,False,Jan 2025,47.38,Low,Stable,No
2025-01-08,Bihar,Gaya,838,634,921,False,Jan 2025,46.86,Low,High,No
2025-01-08,Bihar,Muzaffarpur,4120,364,4532,False,Jan 2025,9.3,Low,Stable,No
2025-01-08,West Bengal,Kolkata,2141,1911,2355,False,Jan 2025,6.75,Medium,Stable,No
2025-01-08,West Bengal,Howrah,1778,853,1955,False,Jan 2025,19.43,Medium,High,No
2025-01-08,West Bengal,Darjeeling,2251,1378,2476,False,Jan 2025,31.48,Medium,Stable,No
2025-01-08,Madhya Pradesh,Bhopal,2686,421,2954,False,Jan 2025,37.49,Medium,Stable,No
2025-01-08,Madhya Pradesh,Indore,1003,1942,1103,False,Jan 2025,3.72,Medium,Stable,No
2025-01-08,Madhya Pradesh,Gwalior,3533,968,3886,False,Jan 2025,33.35,Medium,Stable,No
2025-01-08,Tamil Nadu,Chennai,1443,1454,1587,False,Jan 2025,40.15,Medium,Moderate,No
2025-01-08,Tamil Nadu,Coimbatore,581,144,639,False,Jan 2025,4.25,Low,High,No
2025-01-08,Tamil Nadu,Madurai,3036,1850,3339,False,Jan 2025,13.4,Medium,Moderate,No
2025-01-08,Rajasthan,Jaipur,1644,344,1808,False,Jan 2025,12.16,Low,Moderate,No
2025-01-08,Rajasthan,Udaipur,4517,1478,4968,False,Jan 2025,37.86,Low,Stable,No
2025-01-08,Rajasthan,Kota,3561,1072,3917,False,Jan 2025,24.63,Low,Stable,No
2025-01-08,Karnataka,Bengaluru,2046,1347,2250,False,Jan 2025,47.62,Low,Stable,No
2025-01-08,Karnataka,Mysuru,1062,874,1168,False,Jan 2025,44.89,Medium,Stable,No
2025-01-08,Karnataka,Hubli,3470,1357,3817,False,Jan 2025,19.99,Low,Stable,No
2025-01-08,Gujarat,Ahmedabad,4919,921,5410,False,Jan 2025,23.49,Low,Stable,No
2025-01-08,Gujarat,Surat,3508,232,3858,False,Jan 2025,30.97,Medium,Stable,No
2025-01-08,Gujarat,Vadodara,2080,1202,2288,False,Jan 2025,40.86,Medium,Stable,No
2025-01-08,Andhra Pradesh,Visakhapatnam,615,1378,676,False,Jan 2025,8.04,Low,Stable,No
2025-01-08,Andhra Pradesh,Vijayawada,1178,831,1295,False,Jan 2025,-1.34,Low,Stable,Yes
2025-01-08,Andhra Pradesh,Guntur,490,1289,539,False,Jan 2025,19.86,Low,Stable,No
2025-01-09,Uttar Pradesh,Lucknow,2312,1618,2543,False,Jan 2025,-7.04,Low,Stable,Yes
2025-01-09,Uttar Pradesh,Varanasi,3777,773,4154,True,Jan 2025,30.55,Medium,Stable,No
2025-01-09,Uttar Pradesh,Kanpur,3322,1406,3654,False,Jan 2025,42.4,Low,Stable,No
2025-01-09,Maharashtra,Pune,1374,1120,1511,False,Jan 2025,10.56,Low,Stable,No
2025-01-09,Maharashtra,Nagpur,1584,1432,1742,False,Jan 2025,33.53,Low,Stable,No
2025-01-09,Maharashtra,Mumbai,4637,1033,5100,False,Jan 2025,42.15,Low,Stable,No
2025-01-09,Bihar,Patna,3436,1443,3779,False,Jan 2025,37.92,Low,Stable,No
2025-01-09,Bihar,Gaya,4451,786,4896,False,Jan 2025,39.97,Medium,Stable,No
2025-01-09,Bihar,Muzaffarpur,4123,973,4535,False,Jan 2025,31.61,High,Moderate,No
2025-01-09,West Bengal,Kolkata,4059,1693,4464,False,Jan 2025,-9.49,Low,Stable,Yes
2025-01-09,West Bengal,Howrah,4214,1582,4635,False,Jan 2025,11.2,Medium,Stable,No
2025-01-09,West Bengal,Darjeeling,1045,1928,1149,False,Jan 2025,11.44,Low,Stable,No
2025-01-09,Madhya Pradesh,Bhopal,4468,1988,4914,False,Jan 2025,21.51,Low,Stable,No
2025-01-09,Madhya Pradesh,Indore,3715,117,4086,False,Jan 2025,29.94,Low,Stable,No
2025-01-09,Madhya Pradesh,Gwalior,4886,1543,5374,False,Jan 2025,19.89,Low,High,No
2025-01-09,Tamil Nadu,Chennai,1339,1235,1472,False,Jan 2025,18.25,Medium,Stable,No
2025-01-09,Tamil Nadu,Coimbatore,1490,1813,1639,True,Jan 2025,-3.85,Low,Moderate,Yes
2025-01-09,Tamil Nadu,Madurai,1665,1845,1831,False,Jan 2025,29.27,Medium,Moderate,No
2025-01-09,Rajasthan,Jaipur,3689,299,4057,False,Jan 2025,32.09,Low,Stable,No
2025-01-09,Rajasthan,Udaipur,1957,1978,2152,False,Jan 2025,26.54,Low,Moderate,No
2025-01-09,Rajasthan,Kota,400,1741,440,False,Jan 2025,9.46,Low,Stable,No
2025-01-09,Karnataka,Bengaluru,4813,744,5294,False,Jan 2025,44.35,High,Moderate,No
2025-01-09,Karnataka,Mysuru,3635,273,3998,False,Jan 2025,35.9,Medium,Stable,No
2025-01-09,Karnataka,Hubli,3560,322,3916,False,Jan 2025,-0.63,Low,Stable,Yes
2025-01-09,Gujarat,Ahmedabad,1343,504,1477,False,Jan 2025,43.89,Medium,Stable,No
2025-01-09,Gujarat,Surat,2062,1040,2268,False,Jan 2025,36.73,Low,Stable,No
2025-01-09,Gujarat,Vadodara,1110,1766,1221,False,Jan 2025,8.56,High,Stable,No
2025-01-09,Andhra Pradesh,Visakhapatnam,3600,1783,3960,False,Jan 2025,13.67,Medium,Stable,No
2025-01-09,Andhra Pradesh,Vijayawada,695,1590,764,True,Jan 2025,10.5,Low,Stable,No
2025-01-09,Andhra Pradesh,Guntur,3957,199,4352,False,Jan 2025,29.02,Low,Moderate,No
2025-01-10,Uttar Pradesh,Lucknow,2515,198,2766,False,Jan 2025,9.66,Medium,Stable,No
2025-01-10,Uttar Pradesh,Varanasi,2973,755,3270,False,Jan 2025,29.52,Low,Stable,No
2025-01-10,Uttar Pradesh,Kanpur,4773,98,5250,False,Jan 2025,-2.69,Low,Stable,Yes
2025-01-10,Maharashtra,Pune,1114,1089,1225,False,Jan 2025,8.58,Medium,Stable,No
2025-01-10,Maharashtra,Nagpur,2251,1124,2476,False,Jan 2025,2.94,Low,Stable,No
2025-01-10,Maharashtra,Mumbai,500,1317,550,False,Jan 2025,-1.08,Low,High,Yes
2025-01-10,Bihar,Patna,4365,1520,4801,False,Jan 2025,41.74,Low,Stable,No
2025-01-10,Bihar,Gaya,4088,270,4496,False,Jan 2025,39.62,Low,Stable,No
2025-01-10,Bihar,Muzaffarpur,1127,1274,1239,False,Jan 2025,24.26,Medium,Stable,No
2025-01-10,West Bengal,Kolkata,4532,1211,4985,False,Jan 2025,-1.15,Medium,Stable,Yes
2025-01-10,West Bengal,Howrah,3454,1836,3799,False,Jan 2025,17.42,Low,Moderate,No
2025-01-10,West Bengal,Darjeeling,3516,198,3867,False,Jan 2025,8.18,Medium,Stable,No
2025-01-10,Madhya Pradesh,Bhopal,4600,1081,5060,False,Jan 2025,44.08,Low,Stable,No
2025-01-10,Madhya Pradesh,Indore,3990,1567,4389,False,Jan 2025,30.31,Low,High,No
2025-01-10,Madhya Pradesh,Gwalior,3117,1530,3428,False,Jan 2025,34.62,Low,Stable,No
2025-01-10,Tamil Nadu,Chennai,2491,1734,2740,False,Jan 2025,0.6,Low,Moderate,No
2025-01-10,Tamil Nadu,Coimbatore,4428,1846,4870,False,Jan 2025,5.56,Low,Stable,No
2025-01-10,Tamil Nadu,Madurai,1112,1915,1223,False,Jan 2025,9.08,Low,Stable,No
2025-01-10,Rajasthan,Jaipur,1922,864,2114,False,Jan 2025,22.76,Low,Moderate,No
2025-01-10,Rajasthan,Udaipur,1301,791,1431,False,Jan 2025,17.51,Low,Moderate,No
2025-01-10,Rajasthan,Kota,3358,1052,3693,False,Jan 2025,41.16,Low,Stable,No
2025-01-10,Karnataka,Bengaluru,3602,1450,3962,False,Jan 2025,16.67,Medium,Stable,No
2025-01-10,Karnataka,Mysuru,3855,260,4240,False,Jan 2025,-5.42,High,Stable,Yes
2025-01-10,Karnataka,Hubli,3754,147,4129,False,Jan 2025,23.38,High,Moderate,No
2025-01-10,Gujarat,Ahmedabad,2391,1398,2630,False,Jan 2025,39.09,Low,Stable,No
2025-01-10,Gujarat,Surat,2275,1134,2502,False,Jan 2025,20.79,Low,Stable,No
2025-01-10,Gujarat,Vadodara,4926,1950,5418,False,Jan 2025,6.33,Low,Stable,No
2025-01-10,Andhra Pradesh,Visakhapatnam,1320,186,1452,False,Jan 2025,30.07,Low,Stable,No
2025-01-10,Andhra Pradesh,Vijayawada,987,477,1085,False,Jan 2025,23.25,Medium,Stable,No
2025-01-10,Andhra Pradesh,Guntur,1338,1075,1471,False,Jan 2025,24.42,Low,Moderate,No
2025-01-11,Uttar Pradesh,Lucknow,514,248,565,False,Jan 2025,32.68,Medium,Stable,No
2025-01-11,Uttar Pradesh,Varanasi,1821,1780,2003,False,Jan 2025,5.22,Low,Stable,No
2025-01-11,Uttar Pradesh,Kanpur,4546,1356,5000,False,Jan 2025,17.19,Low,Stable,No
2025-01-11,Maharashtra,Pune,969,1298,1065,False,Jan 2025,44.93,Low,Stable,No
2025-01-11,Maharashtra,Nagpur,1125,619,1237,False,Jan 2025,48.9,Medium,Moderate,No
2025-01-11,Maharashtra,Mumbai,2073,739,2280,False,Jan 2025,-7.94,Low,Stable,Yes
2025-01-11,Bihar,Patna,3200,822,3520,False,Jan 2025,-6.56,Low,Stable,Yes
2025-01-11,Bihar,Gaya,1655,816,1820,False,Jan 2025,31.36,Low,Moderate,No
2025-01-11,Bihar,Muzaffarpur,2396,1324,2635,False,Jan 2025,22.17,Low,Stable,No
2025-01-11,West Bengal,Kolkata,1015,1835,1116,False,Jan 2025,47.27,Low,Stable,No
2025-01-11,West Bengal,Howrah,3028,835,3330,False,Jan 2025,-1.53,Low,Stable,Yes
2025-01-11,West Bengal,Darjeeling,4462,247,4908,False,Jan 2025,0.1,Medium,Stable,No
2025-01-11,Madhya Pradesh,Bhopal,4173,663,4590,False,Jan 2025,28.94,Low,Stable,No
2025-01-11,Madhya Pradesh,Indore,2623,963,2885,False,Jan 2025,1.19,Medium,Stable,No
2025-01-11,Madhya Pradesh,Gwalior,1158,718,1273,False,Jan 2025,27.13,Low,Stable,No
2025-01-11,Tamil Nadu,Chennai,474,1192,521,False,Jan 2025,36.51,Medium,Moderate,No
2025-01-11,Tamil Nadu,Coimbatore,2020,1785,2222,False,Jan 2025,-8.39,Low,Stable,Yes
2025-01-11,Tamil Nadu,Madurai,1620,196,1782,False,Jan 2025,49.77,Low,Moderate,No
2025-01-11,Rajasthan,Jaipur,3386,136,3724,False,Jan 2025,-1.85,Low,Stable,Yes
2025-01-11,Rajasthan,Udaipur,3915,189,4306,False,Jan 2025,9.45,Medium,High,No
2025-01-11,Rajasthan,Kota,3423,1935,3765,False,Jan 2025,21.91,High,Moderate,No
2025-01-11,Karnataka,Bengaluru,588,351,646,False,Jan 2025,42.82,Medium,Stable,No
2025-01-11,Karnataka,Mysuru,4315,1452,4746,False,Jan 2025,13.95,Low,Stable,No
2025-01-11,Karnataka,Hubli,1881,253,2069,False,Jan 2025,36.41,Low,Moderate,No
2025-01-11,Gujarat,Ahmedabad,2171,1242,2388,False,Jan 2025,11.86,Low,Stable,No
2025-01-11,Gujarat,Surat,2205,1475,2425,False,Jan 2025,47.11,High,Moderate,No
2025-01-11,Gujarat,Vadodara,2914,1801,3205,True,Jan 2025,5.18,Low,Stable,No
2025-01-11,Andhra Pradesh,Visakhapatnam,3522,1497,3874,False,Jan 2025,34.65,Medium,Moderate,No
2025-01-11,Andhra Pradesh,Vijayawada,3025,568,3327,False,Jan 2025,14.97,Low,Moderate,No
2025-01-11,Andhra Pradesh,Guntur,4376,113,4813,False,Jan 2025,-6.13,Low,High,Yes
2025-01-12,Uttar Pradesh,Lucknow,3614,350,3975,False,Jan 2025,-7.1,Medium,High,Yes
2025-01-12,Uttar Pradesh,Varanasi,1217,1736,1338,False,Jan 2025,29.6,Low,Stable,No
2025-01-12,Uttar Pradesh,Kanpur,2746,684,3020,False,Jan 2025,36.96,Low,High,No
2025-01-12,Maharashtra,Pune,4139,833,4552,False,Jan 2025,-3.0,Medium,Stable,Yes
2025-01-12,Maharashtra,Nagpur,2844,1172,3128,True,Jan 2025,17.54,Low,Stable,No
2025-01-12,Maharashtra,Mumbai,2956,796,3251,True,Jan 2025,28.77,Low,Stable,No
2025-01-12,Bihar,Patna,3001,651,3301,False,Jan 2025,36.52,Low,Stable,No
2025-01-12,Bihar,Gaya,2786,310,3064,False,Jan 2025,-2.07,Low,Moderate,Yes
2025-01-12,Bihar,Muzaffarpur,3392,1199,3731,False,Jan 2025,36.62,Low,High,No
2025-01-12,West Bengal,Kolkata,3845,678,4229,False,Jan 2025,9.86,Low,Stable,No
2025-01-12,West Bengal,Howrah,4917,1786,5408,False,Jan 2025,1.28,Low,Stable,No
2025-01-12,West Bengal,Darjeeling,3543,1244,3897,False,Jan 2025,-8.56,Low,Stable,Yes
2025-01-12,Madhya Pradesh,Bhopal,539,1118,592,False,Jan 2025,47.12,Low,Stable,No
2025-01-12,Madhya Pradesh,Indore,3610,660,3971,False,Jan 2025,11.33,Low,High,No
2025-01-12,Madhya Pradesh,Gwalior,3096,645,3405,False,Jan 2025,15.39,Low,Stable,No
2025-01-12,Tamil Nadu,Chennai,891,1874,980,False,Jan 2025,48.48,Medium,Stable,No
2025-01-12,Tamil Nadu,Coimbatore,3207,186,3527,False,Jan 2025,40.65,Low,Stable,No
2025-01-12,Tamil Nadu,Madurai,4063,1430,4469,False,Jan 2025,22.42,Low,Stable,No
2025-01-12,Rajasthan,Jaipur,3893,766,4282,False,Jan 2025,31.63,Low,Moderate,No
2025-01-12,Rajasthan,Udaipur,4132,153,4545,False,Jan 2025,-7.66,Low,Moderate,Yes
2025-01-12,Rajasthan,Kota,2461,1182,2707,False,Jan 2025,28.15,Medium,Moderate,No
2025-01-12,Karnataka,Bengaluru,4389,1646,4827,False,Jan 2025,15.27,Medium,Stable,No
2025-01-12,Karnataka,Mysuru,3409,568,3749,True,Jan 2025,31.96,High,High,No
2025-01-12,Karnataka,Hubli,4742,1788,5216,False,Jan 2025,9.55,Low,Moderate,No
2025-01-12,Gujarat,Ahmedabad,3017,763,3318,False,Jan 2025,26.35,Low,Moderate,No
2025-01-12,Gujarat,Surat,2056,222,2261,False,Jan 2025,43.02,Medium,Stable,No
2025-01-12,Gujarat,Vadodara,4225,1517,4647,False,Jan 2025,45.4,Medium,Moderate,No
2025-01-12,Andhra Pradesh,Visakhapatnam,1267,466,1393,False,Jan 2025,33.73,Low,Stable,No
2025-01-12,Andhra Pradesh,Vijayawada,2496,596,2745,False,Jan 2025,13.45,Low,Moderate,No
2025-01-12,Andhra Pradesh,Guntur,1099,687,1208,False,Jan 2025,44.84,Low,Stable,No
2025-01-13,Uttar Pradesh,Lucknow,4501,517,4951,False,Jan 2025,2.14,Low,High,No
2025-01-13,Uttar Pradesh,Varanasi,563,701,619,False,Jan 2025,-9.03,Low,Stable,Yes
2025-01-13,Uttar Pradesh,Kanpur,1594,1526,1753,False,Jan 2025,9.99,Low,Moderate,No
2025-01-13,Maharashtra,Pune,747,1732,821,False,Jan 2025,24.63,Low,Stable,No
2025-01-13,Maharashtra,Nagpur,2255,248,2480,False,Jan 2025,7.93,Low,Stable,No
2025-01-13,Maharashtra,Mumbai,795,1908,874,False,Jan 2025,11.95,Low,Stable,No
2025-01-13,Bihar,Patna,687,1998,755,False,Jan 2025,47.43,Low,Stable,No
2025-01-13,Bihar,Gaya,167,1412,183,False,Jan 2025,18.37,Low,Stable,No
2025-01-13,Bihar,Muzaffarpur,4782,1193,5260,False,Jan 2025,24.95,Low,Stable,No
2025-01-13,West Bengal,Kolkata,3017,659,3318,False,Jan 2025,22.56,Low,Stable,No
2025-01-13,West Bengal,Howrah,731,724,804,False,Jan 2025,-5.15,Medium,Moderate,Yes
2025-01-13,West Bengal,Darjeeling,1732,194,1905,False,Jan 2025,-4.39,Low,Stable,Yes
2025-01-13,Madhya Pradesh,Bhopal,1854,1411,2039,False,Jan 2025,24.07,Low,Stable,No
2025-01-13,Madhya Pradesh,Indore,3391,1347,3730,False,Jan 2025,49.15,Medium,Stable,No
2025-01-13,Madhya Pradesh,Gwalior,2311,1821,2542,False,Jan 2025,-6.74,High,Stable,Yes
2025-01-13,Tamil Nadu,Chennai,273,1789,300,False,Jan 2025,21.85,Low,High,No
2025-01-13,Tamil Nadu,Coimbatore,2211,211,2432,False,Jan 2025,9.9,Low,Stable,No
2025-01-13,Tamil Nadu,Madurai,1070,1246,1177,False,Jan 2025,14.86,Medium,Stable,No
2025-01-13,Rajasthan,Jaipur,1747,287,1921,False,Jan 2025,18.04,Low,Moderate,No
2025-01-13,Rajasthan,Udaipur,4578,79,5035,False,Jan 2025,22.55,Low,Stable,No
2025-01-13,Rajasthan,Kota,4299,1525,4728,False,Jan 2025,-8.87,Medium,Moderate,Yes
2025-01-13,Karnataka,Bengaluru,2298,193,2527,False,Jan 2025,-9.05,Low,Stable,Yes
2025-01-13,Karnataka,Mysuru,3697,52,4066,False,Jan 2025,31.15,Low,Stable,No
2025-01-13,Karnataka,Hubli,196,1881,215,False,Jan 2025,-3.71,High,Moderate,Yes
2025-01-13,Gujarat,Ahmedabad,3891,554,4280,False,Jan 2025,14.42,Low,Stable,No
2025-01-13,Gujarat,Surat,1905,379,2095,False,Jan 2025,37.5,Low,Stable,No
2025-01-13,Gujarat,Vadodara,2630,694,2893,False,Jan 2025,-2.55,Low,Stable,Yes
2025-01-13,Andhra Pradesh,Visakhapatnam,4965,674,5461,False,Jan 2025,-0.93,High,Moderate,Yes
2025-01-13,Andhra Pradesh,Vijayawada,3816,1558,4197,False,Jan 2025,43.75,Low,Moderate,No
2025-01-13,Andhra Pradesh,Guntur,1186,678,1304,False,Jan 2025,39.17,Low,Stable,No
2025-01-14,Uttar Pradesh,Lucknow,3434,994,3777,False,Jan 2025,36.38,Low,Stable,No
2025-01-14,Uttar Pradesh,Varanasi,2826,1877,3108,False,Jan 2025,18.69,Low,Stable,No
2025-01-14,Uttar Pradesh,Kanpur,501,1150,551,False,Jan 2025,16.09,Low,Stable,No
2025-01-14,Maharashtra,Pune,4012,917,4413,True,Jan 2025,16.36,Low,Stable,No
2025-01-14,Maharashtra,Nagpur,2164,1957,2380,False,Jan 2025,5.88,Low,Stable,No
2025-01-14,Maharashtra,Mumbai,4033,1139,4436,False,Jan 2025,15.39,Medium,Moderate,No
2025-01-14,Bihar,Patna,1331,1686,1464,False,Jan 2025,14.77,Low,Stable,No
2025-01-14,Bihar,Gaya,4128,1212,4540,False,Jan 2025,46.62,Low,Stable,No
2025-01-14,Bihar,Muzaffarpur,4068,1725,4474,False,Jan 2025,-3.58,Medium,Stable,Yes
2025-01-14,West Bengal,Kolkata,4570,683,5027,False,Jan 2025,36.67,Low,Stable,No
2025-01-14,West Bengal,Howrah,3942,1407,4336,True,Jan 2025,35.54,Medium,Moderate,No
2025-01-14,West Bengal,Darjeeling,3722,1388,4094,False,Jan 2025,-8.82,Low,Stable,Yes
2025-01-14,Madhya Pradesh,Bhopal,1691,1562,1860,False,Jan 2025,10.37,Low,Stable,No
2025-01-14,Madhya Pradesh,Indore,4125,828,4537,False,Jan 2025,41.18,High,Stable,No
2025-01-14,Madhya Pradesh,Gwalior,3446,836,3790,False,Jan 2025,-6.87,Medium,Stable,Yes
2025-01-14,Tamil Nadu,Chennai,1732,1041,1905,False,Jan 2025,46.51,Low,Stable,No
2025-01-14,Tamil Nadu,Coimbatore,4623,898,5085,False,Jan 2025,7.84,Low,Stable,No
2025-01-14,Tamil Nadu,Madurai,425,1172,467,False,Jan 2025,27.26,Low,Stable,No
2025-01-14,Rajasthan,Jaipur,2734,1721,3007,False,Jan 2025,5.71,Low,Moderate,No
2025-01-14,Rajasthan,Udaipur,3444,1681,3788,False,Jan 2025,34.76,Low,Stable,No
2025-01-14,Rajasthan,Kota,4350,1085,4785,False,Jan 2025,-8.91,Low,Stable,Yes
2025-01-14,Karnataka,Bengaluru,484,189,532,False,Jan 2025,29.98,Medium,Stable,No
2025-01-14,Karnataka,Mysuru,1456,255,1601,True,Jan 2025,20.52,Medium,Stable,No
2025-01-14,Karnataka,Hubli,2454,1030,2699,False,Jan 2025,28.91,Low,Stable,No
2025-01-14,Gujarat,Ahmedabad,2240,1085,2464,False,Jan 2025,-9.13,Low,Moderate,Yes
2025-01-14,Gujarat,Surat,246,1610,270,False,Jan 2025,34.03,Low,High,No
2025-01-14,Gujarat,Vadodara,2616,1902,2877,False,Jan 2025,6.53,Medium,Stable,No
2025-01-14,Andhra Pradesh,Visakhapatnam,4743,302,5217,False,Jan 2025,12.99,Low,High,No
2025-01-14,Andhra Pradesh,Vijayawada,3599,205,3958,False,Jan 2025,-0.1,Low,Stable,Yes
2025-01-14,Andhra Pradesh,Guntur,1318,1177,1449,False,Jan 2025,10.99,Medium,Stable,No
2025-01-15,Uttar Pradesh,Lucknow,4011,183,4412,False,Jan 2025,43.49,Low,Stable,No
2025-01-15,Uttar Pradesh,Varanasi,131,771,144,False,Jan 2025,3.06,Medium,Stable,No
2025-01-15,Uttar Pradesh,Kanpur,2194,1977,2413,False,Jan 2025,6.11,Low,Stable,No
2025-01-15,Maharashtra,Pune,3881,648,4269,False,Jan 2025,10.29,Medium,Moderate,No
2025-01-15,Maharashtra,Nagpur,1696,1616,1865,False,Jan 2025,5.13,Medium,Moderate,No
2025-01-15,Maharashtra,Mumbai,2846,1707,3130,False,Jan 2025,0.08,Low,Moderate,No
2025-01-15,Bihar,Patna,3033,814,3336,False,Jan 2025,12.6,Medium,High,No
2025-01-15,Bihar,Gaya,3155,627,3470,False,Jan 2025,29.34,Medium,Stable,No
2025-01-15,Bihar,Muzaffarpur,541,768,595,False,Jan 2025,3.81,Low,Moderate,No
2025-01-15,West Bengal,Kolkata,3687,1744,4055,True,Jan 2025,30.7,Low,Stable,No
2025-01-15,West Bengal,Howrah,996,462,1095,False,Jan 2025,6.2,Low,Stable,No
2025-01-15,West Bengal,Darjeeling,104,810,114,False,Jan 2025,-8.97,Low,Stable,Yes
2025-01-15,Madhya Pradesh,Bhopal,2236,1353,2459,False,Jan 2025,28.63,High,Stable,No
2025-01-15,Madhya Pradesh,Indore,4763,1416,5239,False,Jan 2025,2.63,Low,Stable,No
2025-01-15,Madhya Pradesh,Gwalior,4353,241,4788,False,Jan 2025,24.24,Medium,Stable,No
2025-01-15,Tamil Nadu,Chennai,4730,402,5203,False,Jan 2025,-3.33,Low,Stable,Yes
2025-01-15,Tamil Nadu,Coimbatore,1613,1797,1774,False,Jan 2025,30.92,Low,Stable,No
2025-01-15,Tamil Nadu,Madurai,4976,1802,5473,False,Jan 2025,-5.75,Medium,Moderate,Yes
2025-01-15,Rajasthan,Jaipur,2464,1927,2710,False,Jan 2025,48.32,Low,Stable,No
2025-01-15,Rajasthan,Udaipur,2131,1733,2344,False,Jan 2025,10.31,Low,Stable,No
2025-01-15,Rajasthan,Kota,4395,345,4834,False,Jan 2025,49.91,Low,Moderate,No
2025-01-15,Karnataka,Bengaluru,1373,122,1510,False,Jan 2025,41.9,Low,Moderate,No
2025-01-15,Karnataka,Mysuru,1956,1992,2151,False,Jan 2025,1.15,Medium,Stable,No
2025-01-15,Karnataka,Hubli,2137,325,2350,False,Jan 2025,40.81,High,Stable,No
2025-01-15,Gujarat,Ahmedabad,1156,939,1271,False,Jan 2025,33.19,Medium,Stable,No
2025-01-15,Gujarat,Surat,1856,825,2041,False,Jan 2025,40.29,Medium,Moderate,No
2025-01-15,Gujarat,Vadodara,2606,1171,2866,False,Jan 2025,6.37,Low,Stable,No
2025-01-15,Andhra Pradesh,Visakhapatnam,225,1191,247,False,Jan 2025,20.61,Medium,Stable,No
2025-01-15,Andhra Pradesh,Vijayawada,268,1928,294,False,Jan 2025,30.12,Low,Stable,No
2025-01-15,Andhra Pradesh,Guntur,3959,508,4354,False,Jan 2025,3.11,Medium,Stable,No
2025-01-16,Uttar Pradesh,Lucknow,1717,878,1888,False,Jan 2025,32.91,Low,Stable,No
2025-01-16,Uttar Pradesh,Varanasi,291,227,320,False,Jan 2025,8.57,Low,High,No
2025-01-16,Uttar Pradesh,Kanpur,559,1418,614,False,Jan 2025,45.62,High,Stable,No
2025-01-16,Maharashtra,Pune,457,897,502,False,Jan 2025,49.42,Low,Moderate,No
2025-01-16,Maharashtra,Nagpur,4979,868,5476,True,Jan 2025,26.4,Low,Stable,No
2025-01-16,Maharashtra,Mumbai,3860,1299,4246,False,Jan 2025,44.61,Medium,Moderate,No
2025-01-16,Bihar,Patna,4329,1119,4761,False,Jan 2025,27.41,Low,Moderate,No
2025-01-16,Bihar,Gaya,2831,301,3114,False,Jan 2025,29.44,Low,Stable,No
2025-01-16,Bihar,Muzaffarpur,4925,161,5417,False,Jan 2025,12.29,Low,Stable,No
2025-01-16,West Bengal,Kolkata,3951,1377,4346,False,Jan 2025,30.14,Low,Moderate,No
2025-01-16,West Bengal,Howrah,1531,440,1684,False,Jan 2025,7.66,Low,Stable,No
2025-01-16,West Bengal,Darjeeling,2351,1567,2586,False,Jan 2025,17.33,Low,Stable,No
2025-01-16,Madhya Pradesh,Bhopal,2882,1294,3170,True,Jan 2025,22.62,Medium,Moderate,No
2025-01-16,Madhya Pradesh,Indore,2080,1661,2288,True,Jan 2025,26.58,Low,Stable,No
2025-01-16,Madhya Pradesh,Gwalior,2730,1420,3003,False,Jan 2025,49.35,Medium,Stable,No
2025-01-16,Tamil Nadu,Chennai,2571,1367,2828,False,Jan 2025,15.58,Low,Stable,No
2025-01-16,Tamil Nadu,Coimbatore,3238,1276,3561,False,Jan 2025,23.09,High,Stable,No
2025-01-16,Tamil Nadu,Madurai,4706,1544,5176,False,Jan 2025,37.11,Low,Stable,No
2025-01-16,Rajasthan,Jaipur,1152,1724,1267,False,Jan 2025,14.77,Low,Stable,No
2025-01-16,Rajasthan,Udaipur,4717,164,5188,False,Jan 2025,-2.91,Low,Stable,Yes
2025-01-16,Rajasthan,Kota,4963,1019,5459,False,Jan 2025,49.86,Low,Moderate,No
2025-01-16,Karnataka,Bengaluru,934,664,1027,False,Jan 2025,3.61,Low,Stable,No
2025-01-16,Karnataka,Mysuru,2817,1096,3098,False,Jan 2025,45.32,Low,Stable,No
2025-01-16,Karnataka,Hubli,3729,302,4101,False,Jan 2025,20.2,Low,Moderate,No
2025-01-16,Gujarat,Ahmedabad,4347,448,4781,False,Jan 2025,26.41,High,Stable,No
2025-01-16,Gujarat,Surat,4377,1224,4814,False,Jan 2025,49.57,High,Stable,No
2025-01-16,Gujarat,Vadodara,1822,683,2004,False,Jan 2025,46.32,Low,Moderate,No
2025-01-16,Andhra Pradesh,Visakhapatnam,1348,568,1482,False,Jan 2025,44.12,Medium,High,No
2025-01-16,Andhra Pradesh,Vijayawada,4746,463,5220,False,Jan 2025,6.27,Medium,Stable,No
2025-01-16,Andhra Pradesh,Guntur,259,1243,284,False,Jan 2025,-1.89,Low,Moderate,Yes
2025-01-17,Uttar Pradesh,Lucknow,1222,423,1344,False,Jan 2025,41.68,Medium,Stable,No
2025-01-17,Uttar Pradesh,Varanasi,301,453,331,False,Jan 2025,46.41,Medium,Moderate,No
2025-01-17,Uttar Pradesh,Kanpur,2054,1523,2259,False,Jan 2025,26.27,Low,Stable,No
2025-01-17,Maharashtra,Pune,1165,586,1281,False,Jan 2025,40.16,High,Stable,No
2025-01-17,Maharashtra,Nagpur,4169,866,4585,False,Jan 2025,47.85,Medium,Stable,No
2025-01-17,Maharashtra,Mumbai,719,686,790,False,Jan 2025,44.17,Low,Stable,No
2025-01-17,Bihar,Patna,4189,1451,4607,False,Jan 2025,-2.73,Medium,Moderate,Yes
2025-01-17,Bihar,Gaya,1818,235,1999,False,Jan 2025,28.82,Low,Moderate,No
2025-01-17,Bihar,Muzaffarpur,1902,1396,2092,True,Jan 2025,1.15,Medium,Stable,No
2025-01-17,West Bengal,Kolkata,718,78,789,False,Jan 2025,39.89,Low,Moderate,No
2025-01-17,West Bengal,Howrah,3897,338,4286,False,Jan 2025,37.99,Low,Stable,No
2025-01-17,West Bengal,Darjeeling,4986,1655,5484,False,Jan 2025,0.73,Low,Stable,No
2025-01-17,Madhya Pradesh,Bhopal,4810,163,5291,False,Jan 2025,6.54,Low,Stable,No
2025-01-17,Madhya Pradesh,Indore,981,224,1079,False,Jan 2025,-3.12,Low,Stable,Yes
2025-01-17,Madhya Pradesh,Gwalior,4868,1567,5354,False,Jan 2025,-5.91,High,Stable,Yes
2025-01-17,Tamil Nadu,Chennai,3834,168,4217,False,Jan 2025,40.92,Low,Stable,No
2025-01-17,Tamil Nadu,Coimbatore,4456,762,4901,False,Jan 2025,19.55,Medium,Stable,No
2025-01-17,Tamil Nadu,Madurai,1831,1297,2014,False,Jan 2025,-0.5,Low,Moderate,Yes
2025-01-17,Rajasthan,Jaipur,3009,1441,3309,False,Jan 2025,-9.5,Low,Stable,Yes
2025-01-17,Rajasthan,Udaipur,2710,1443,2981,True,Jan 2025,4.81,High,Stable,No
2025-01-17,Rajasthan,Kota,2572,1974,2829,True,Jan 2025,7.73,Low,Stable,No
2025-01-17,Karnataka,Bengaluru,4183,1571,4601,False,Jan 2025,46.53,Medium,Stable,No
2025-01-17,Karnataka,Mysuru,1293,370,1422,False,Jan 2025,46.89,High,Stable,No
2025-01-17,Karnataka,Hubli,458,263,503,False,Jan 2025,14.62,Medium,Stable,No
2025-01-17,Gujarat,Ahmedabad,2147,905,2361,False,Jan 2025,43.27,Medium,Stable,No
2025-01-17,Gujarat,Surat,1812,1392,1993,False,Jan 2025,10.6,Medium,Stable,No
2025-01-17,Gujarat,Vadodara,2551,323,2806,False,Jan 2025,25.81,Low,High,No
2025-01-17,Andhra Pradesh,Visakhapatnam,2847,1762,3131,True,Jan 2025,26.55,Low,Stable,No
2025-01-17,Andhra Pradesh,Vijayawada,2112,462,2323,False,Jan 2025,15.76,Low,Stable,No
2025-01-17,Andhra Pradesh,Guntur,2474,1281,2721,False,Jan 2025,42.13,High,Stable,No
2025-01-18,Uttar Pradesh,Lucknow,1437,1580,1580,False,Jan 2025,5.51,Low,Stable,No
2025-01-18,Uttar Pradesh,Varanasi,1890,313,2079,False,Jan 2025,3.2,Medium,Stable,No
2025-01-18,Uttar Pradesh,Kanpur,2915,1335,3206,False,Jan 2025,12.05,High,Stable,No
2025-01-18,Maharashtra,Pune,1967,1440,2163,False,Jan 2025,14.94,Medium,Stable,No
2025-01-18,Maharashtra,Nagpur,2893,62,3182,False,Jan 2025,6.6,Medium,Stable,No
2025-01-18,Maharashtra,Mumbai,1232,1119,1355,False,Jan 2025,-9.32,Medium,Moderate,Yes
2025-01-18,Bihar,Patna,810,628,891,False,Jan 2025,44.26,Low,Moderate,No
2025-01-18,Bihar,Gaya,3642,1217,4006,False,Jan 2025,28.15,Low,Moderate,No
2025-01-18,Bihar,Muzaffarpur,2142,1075,2356,False,Jan 2025,49.55,Medium,Stable,No
2025-01-18,West Bengal,Kolkata,4098,533,4507,False,Jan 2025,41.94,Medium,Stable,No
2025-01-18,West Bengal,Howrah,2544,50,2798,False,Jan 2025,-5.46,Low,Stable,Yes
2025-01-18,West Bengal,Darjeeling,3882,1851,4270,False,Jan 2025,-1.87,Low,Stable,Yes
2025-01-18,Madhya Pradesh,Bhopal,163,283,179,False,Jan 2025,11.94,Medium,Stable,No
2025-01-18,Madhya Pradesh,Indore,952,789,1047,False,Jan 2025,31.94,Low,Stable,No
2025-01-18,Madhya Pradesh,Gwalior,3242,284,3566,False,Jan 2025,30.12,Low,Stable,No
2025-01-18,Tamil Nadu,Chennai,2441,1805,2685,False,Jan 2025,48.07,Low,High,No
2025-01-18,Tamil Nadu,Coimbatore,4023,1351,4425,False,Jan 2025,1.84,Low,Stable,No
2025-01-18,Tamil Nadu,Madurai,2094,1636,2303,False,Jan 2025,4.39,Low,Stable,No
2025-01-18,Rajasthan,Jaipur,502,1722,552,False,Jan 2025,2.22,Low,Moderate,No
2025-01-18,Rajasthan,Udaipur,3078,1086,3385,False,Jan 2025,10.18,Low,High,No
2025-01-18,Rajasthan,Kota,1020,1450,1122,False,Jan 2025,29.52,Low,High,No
2025-01-18,Karnataka,Bengaluru,2500,1293,2750,False,Jan 2025,33.24,Low,Stable,No
2025-01-18,Karnataka,Mysuru,2578,1264,2835,False,Jan 2025,47.09,Low,Moderate,No
2025-01-18,Karnataka,Hubli,2786,1265,3064,False,Jan 2025,48.58,Medium,Stable,No
2025-01-18,Gujarat,Ahmedabad,3816,1968,4197,False,Jan 2025,-8.71,Medium,Stable,Yes
2025-01-18,Gujarat,Surat,4761,981,5237,False,Jan 2025,41.63,High,Moderate,No
2025-01-18,Gujarat,Vadodara,4097,1814,4506,False,Jan 2025,8.85,Low,Stable,No
2025-01-18,Andhra Pradesh,Visakhapatnam,3807,134,4187,False,Jan 2025,14.92,Medium,Moderate,No
2025-01-18,Andhra Pradesh,Vijayawada,1059,1826,1164,False,Jan 2025,27.11,Low,Moderate,No
2025-01-18,Andhra Pradesh,Guntur,152,1504,167,False,Jan 2025,10.14,Low,Stable,No
2025-01-19,Uttar Pradesh,Lucknow,3921,1762,4313,False,Jan 2025,25.08,Low,Stable,No
2025-01-19,Uttar Pradesh,Varanasi,3455,1257,3800,False,Jan 2025,10.79,Medium,Stable,No
2025-01-19,Uttar Pradesh,Kanpur,204,1850,224,False,Jan 2025,43.51,Medium,Stable,No
2025-01-19,Maharashtra,Pune,1805,801,1985,False,Jan 2025,40.8,Low,Stable,No
2025-01-19,Maharashtra,Nagpur,2793,1868,3072,False,Jan 2025,17.89,Low,Moderate,No
2025-01-19,Maharashtra,Mumbai,737,883,810,False,Jan 2025,-1.71,Medium,High,Yes
2025-01-19,Bihar,Patna,4524,1519,4976,False,Jan 2025,17.68,Low,Moderate,No
2025-01-19,Bihar,Gaya,3244,1999,3568,False,Jan 2025,32.08,Low,Stable,No
2025-01-19,Bihar,Muzaffarpur,4235,180,4658,False,Jan 2025,-6.98,Medium,Moderate,Yes
2025-01-19,West Bengal,Kolkata,307,1600,337,False,Jan 2025,26.18,Low,High,No
2025-01-19,West Bengal,Howrah,4052,1243,4457,True,Jan 2025,45.5,Medium,Stable,No
2025-01-19,West Bengal,Darjeeling,2969,1028,3265,False,Jan 2025,11.29,Low,Stable,No
2025-01-19,Madhya Pradesh,Bhopal,824,1309,906,False,Jan 2025,46.11,Medium,Stable,No
2025-01-19,Madhya Pradesh,Indore,178,686,195,False,Jan 2025,15.89,Medium,High,No
2025-01-19,Madhya Pradesh,Gwalior,4260,1386,4686,False,Jan 2025,-6.2,Low,Stable,Yes
2025-01-19,Tamil Nadu,Chennai,3845,1949,4229,False,Jan 2025,35.32,Medium,Stable,No
2025-01-19,Tamil Nadu,Coimbatore,1049,1783,1153,False,Jan 2025,24.17,Medium,Stable,No
2025-01-19,Tamil Nadu,Madurai,1901,1055,2091,False,Jan 2025,23.42,High,Stable,No
2025-01-19,Rajasthan,Jaipur,2381,876,2619,True,Jan 2025,10.18,Low,Stable,No
2025-01-19,Rajasthan,Udaipur,3015,256,3316,True,Jan 2025,-5.38,Low,Stable,Yes
2025-01-19,Rajasthan,Kota,2224,1412,2446,False,Jan 2025,-7.54,Low,Stable,Yes
2025-01-19,Karnataka,Bengaluru,352,1229,387,False,Jan 2025,-0.54,High,Stable,Yes
2025-01-19,Karnataka,Mysuru,1828,69,2010,False,Jan 2025,-1.03,Low,Stable,Yes
2025-01-19,Karnataka,Hubli,1229,1503,1351,False,Jan 2025,22.09,Medium,Stable,No
2025-01-19,Gujarat,Ahmedabad,3797,472,4176,False,Jan 2025,23.93,Low,Stable,No
2025-01-19,Gujarat,Surat,2119,879,2330,False,Jan 2025,32.91,High,Stable,No
2025-01-19,Gujarat,Vadodara,2974,1895,3271,False,Jan 2025,49.7,High,Moderate,No
2025-01-19,Andhra Pradesh,Visakhapatnam,3198,660,3517,False,Jan 2025,42.97,Low,Stable,No
2025-01-19,Andhra Pradesh,Vijayawada,2969,98,3265,False,Jan 2025,48.75,Medium,Stable,No
2025-01-19,Andhra Pradesh,Guntur,4320,1005,4752,False,Jan 2025,14.1,Medium,Stable,No
2025-01-20,Uttar Pradesh,Lucknow,1926,1555,2118,False,Jan 2025,40.52,Low,Stable,No
2025-01-20,Uttar Pradesh,Varanasi,4142,924,4556,False,Jan 2025,11.31,Low,Stable,No
2025-01-20,Uttar Pradesh,Kanpur,4896,1097,5385,True,Jan 2025,29.66,Low,Stable,No
2025-01-20,Maharashtra,Pune,3891,139,4280,False,Jan 2025,-8.23,Low,Stable,Yes
2025-01-20,Maharashtra,Nagpur,2362,1982,2598,False,Jan 2025,43.22,Medium,Stable,No
2025-01-20,Maharashtra,Mumbai,537,1931,590,False,Jan 2025,2.12,Low,Stable,No
2025-01-20,Bihar,Patna,2617,264,2878,True,Jan 2025,6.97,Low,Stable,No
2025-01-20,Bihar,Gaya,465,574,511,False,Jan 2025,26.96,Low,Stable,No
2025-01-20,Bihar,Muzaffarpur,3163,1823,3479,False,Jan 2025,47.59,Medium,Stable,No
2025-01-20,West Bengal,Kolkata,3389,364,3727,False,Jan 2025,3.44,Medium,Stable,No
2025-01-20,West Bengal,Howrah,4276,916,4703,False,Jan 2025,45.16,Medium,Moderate,No
2025-01-20,West Bengal,Darjeeling,2455,1294,2700,False,Jan 2025,29.63,Medium,Stable,No
2025-01-20,Madhya Pradesh,Bhopal,1015,1804,1116,False,Jan 2025,38.24,Low,Stable,No
2025-01-20,Madhya Pradesh,Indore,422,1213,464,False,Jan 2025,30.0,Low,High,No
2025-01-20,Madhya Pradesh,Gwalior,3414,1946,3755,False,Jan 2025,48.01,Medium,Stable,No
2025-01-20,Tamil Nadu,Chennai,4770,230,5247,False,Jan 2025,28.09,Low,Stable,No
2025-01-20,Tamil Nadu,Coimbatore,3409,199,3749,False,Jan 2025,49.16,Low,Stable,No
2025-01-20,Tamil Nadu,Madurai,3944,1983,4338,False,Jan 2025,23.59,Low,Stable,No
2025-01-20,Rajasthan,Jaipur,3928,902,4320,False,Jan 2025,26.45,Low,Stable,No
2025-01-20,Rajasthan,Udaipur,374,936,411,False,Jan 2025,31.14,Low,Stable,No
2025-01-20,Rajasthan,Kota,490,681,539,False,Jan 2025,-7.31,Low,Moderate,Yes
2025-01-20,Karnataka,Bengaluru,4008,1129,4408,False,Jan 2025,21.87,Low,Stable,No
2025-01-20,Karnataka,Mysuru,170,1973,187,False,Jan 2025,49.33,Medium,Moderate,No
2025-01-20,Karnataka,Hubli,3853,271,4238,False,Jan 2025,48.13,Medium,Stable,No
2025-01-20,Gujarat,Ahmedabad,1727,607,1899,False,Jan 2025,17.28,Medium,Stable,No
2025-01-20,Gujarat,Surat,1583,879,1741,False,Jan 2025,43.12,Low,Moderate,No
2025-01-20,Gujarat,Vadodara,2807,1114,3087,False,Jan 2025,-0.99,Low,Stable,Yes
2025-01-20,Andhra Pradesh,Visakhapatnam,3655,989,4020,False,Jan 2025,25.06,Low,Stable,No
2025-01-20,Andhra Pradesh,Vijayawada,4777,1200,5254,False,Jan 2025,44.85,Medium,Stable,No
2025-01-20,Andhra Pradesh,Guntur,4784,503,5262,False,Jan 2025,-7.76,High,Stable,Yes
2025-01-21,Uttar Pradesh,Lucknow,1071,1001,1178,False,Jan 2025,8.53,Low,Stable,No
2025-01-21,Uttar Pradesh,Varanasi,1538,1706,1691,False,Jan 2025,47.86,Low,Stable,No
2025-01-21,Uttar Pradesh,Kanpur,3995,1107,4394,False,Jan 2025,26.15,Medium,Stable,No
2025-01-21,Maharashtra,Pune,3033,1722,3336,False,Jan 2025,15.65,Low,Stable,No
2025-01-21,Maharashtra,Nagpur,2098,1043,2307,False,Jan 2025,14.75,Low,Stable,No
2025-01-21,Maharashtra,Mumbai,4691,344,5160,False,Jan 2025,-5.2,Low,High,Yes
2025-01-21,Bihar,Patna,2260,1475,2486,False,Jan 2025,48.02,Low,Stable,No
2025-01-21,Bihar,Gaya,2206,1678,2426,False,Jan 2025,24.28,Low,Stable,No
2025-01-21,Bihar,Muzaffarpur,1754,1245,1929,False,Jan 2025,19.84,Low,Moderate,No
2025-01-21,West Bengal,Kolkata,1389,55,1527,False,Jan 2025,-5.06,Low,High,Yes
2025-01-21,West Bengal,Howrah,817,186,898,False,Jan 2025,42.85,High,High,No
2025-01-21,West Bengal,Darjeeling,2981,1262,3279,False,Jan 2025,9.82,Low,Stable,No
2025-01-21,Madhya Pradesh,Bhopal,1655,1268,1820,False,Jan 2025,23.81,Medium,High,No
2025-01-21,Madhya Pradesh,Indore,3517,247,3868,False,Jan 2025,2.56,High,Moderate,No
2025-01-21,Madhya Pradesh,Gwalior,1191,1288,1310,False,Jan 2025,32.53,Low,Stable,No
2025-01-21,Tamil Nadu,Chennai,2529,1410,2781,False,Jan 2025,22.29,Low,Stable,No
2025-01-21,Tamil Nadu,Coimbatore,2074,331,2281,False,Jan 2025,6.34,Medium,Stable,No
2025-01-21,Tamil Nadu,Madurai,2467,1746,2713,False,Jan 2025,27.09,Low,Stable,No
2025-01-21,Rajasthan,Jaipur,2074,1953,2281,False,Jan 2025,-4.56,High,Moderate,Yes
2025-01-21,Rajasthan,Udaipur,1741,721,1915,False,Jan 2025,20.94,Low,High,No
2025-01-21,Rajasthan,Kota,3594,896,3953,False,Jan 2025,34.15,Medium,Moderate,No
2025-01-21,Karnataka,Bengaluru,4692,137,5161,False,Jan 2025,11.77,High,Moderate,No
2025-01-21,Karnataka,Mysuru,3114,544,3425,False,Jan 2025,46.43,High,Stable,No
2025-01-21,Karnataka,Hubli,834,1408,917,False,Jan 2025,12.35,Low,Stable,No
2025-01-21,Gujarat,Ahmedabad,4093,811,4502,False,Jan 2025,24.42,Low,Moderate,No
2025-01-21,Gujarat,Surat,4187,1804,4605,False,Jan 2025,42.49,Low,High,No
2025-01-21,Gujarat,Vadodara,750,503,825,True,Jan 2025,17.5,High,Stable,No
2025-01-21,Andhra Pradesh,Visakhapatnam,3458,503,3803,False,Jan 2025,47.01,Medium,High,No
2025-01-21,Andhra Pradesh,Vijayawada,2327,1513,2559,False,Jan 2025,4.36,Low,Stable,No
2025-01-21,Andhra Pradesh,Guntur,272,270,299,False,Jan 2025,13.78,Low,Stable,No
2025-01-22,Uttar Pradesh,Lucknow,2825,1868,3107,False,Jan 2025,40.92,Medium,Stable,No
2025-01-22,Uttar Pradesh,Varanasi,1652,852,1817,False,Jan 2025,-7.27,Medium,High,Yes
2025-01-22,Uttar Pradesh,Kanpur,155,1783,170,False,Jan 2025,-8.2,Low,Stable,Yes
2025-01-22,Maharashtra,Pune,3891,905,4280,False,Jan 2025,37.88,Low,Moderate,No
2025-01-22,Maharashtra,Nagpur,1551,682,1706,False,Jan 2025,41.48,Low,High,No
2025-01-22,Maharashtra,Mumbai,1708,1052,1878,False,Jan 2025,1.75,Low,Stable,No
2025-01-22,Bihar,Patna,2696,98,2965,False,Jan 2025,2.58,Medium,Stable,No
2025-01-22,Bihar,Gaya,2059,407,2264,False,Jan 2025,41.04,Low,Stable,No
2025-01-22,Bihar,Muzaffarpur,4540,747,4994,False,Jan 2025,41.92,Medium,Stable,No
2025-01-22,West Bengal,Kolkata,2827,1567,3109,False,Jan 2025,49.61,Medium,Stable,No
2025-01-22,West Bengal,Howrah,3788,478,4166,False,Jan 2025,-8.74,Medium,Stable,Yes
2025-01-22,West Bengal,Darjeeling,2291,1960,2520,False,Jan 2025,21.49,Medium,High,No
2025-01-22,Madhya Pradesh,Bhopal,3269,1572,3595,False,Jan 2025,-6.68,Low,Stable,Yes
2025-01-22,Madhya Pradesh,Indore,2497,886,2746,False,Jan 2025,35.79,Medium,Moderate,No
2025-01-22,Madhya Pradesh,Gwalior,4649,587,5113,False,Jan 2025,3.66,Low,Moderate,No
2025-01-22,Tamil Nadu,Chennai,1492,891,1641,False,Jan 2025,34.19,Low,High,No
2025-01-22,Tamil Nadu,Coimbatore,1634,649,1797,False,Jan 2025,16.02,Low,Stable,No
2025-01-22,Tamil Nadu,Madurai,161,202,177,False,Jan 2025,46.37,Low,Stable,No
2025-01-22,Rajasthan,Jaipur,1696,1739,1865,False,Jan 2025,9.63,Low,Stable,No
2025-01-22,Rajasthan,Udaipur,2573,1192,2830,False,Jan 2025,37.56,Low,Stable,No
2025-01-22,Rajasthan,Kota,4503,214,4953,False,Jan 2025,36.11,Medium,Stable,No
2025-01-22,Karnataka,Bengaluru,3611,1278,3972,False,Jan 2025,8.67,Low,Stable,No
2025-01-22,Karnataka,Mysuru,902,1502,992,False,Jan 2025,9.95,Low,Stable,No
2025-01-22,Karnataka,Hubli,1501,349,1651,False,Jan 2025,-9.29,Medium,Stable,Yes
2025-01-22,Gujarat,Ahmedabad,2236,826,2459,False,Jan 2025,-9.38,Medium,Stable,Yes
2025-01-22,Gujarat,Surat,4696,1926,5165,False,Jan 2025,18.21,Low,Moderate,No
2025-01-22,Gujarat,Vadodara,3488,191,3836,False,Jan 2025,31.03,High,Stable,No
2025-01-22,Andhra Pradesh,Visakhapatnam,3402,658,3742,False,Jan 2025,45.12,Medium,Stable,No
2025-01-22,Andhra Pradesh,Vijayawada,4022,834,4424,False,Jan 2025,-0.5,Low,Moderate,Yes
2025-01-22,Andhra Pradesh,Guntur,3253,891,3578,False,Jan 2025,3.59,Low,Stable,No
2025-01-23,Uttar Pradesh,Lucknow,1582,215,1740,False,Jan 2025,-5.22,Low,Stable,Yes
2025-01-23,Uttar Pradesh,Varanasi,3623,441,3985,False,Jan 2025,32.77,Low,High,No
2025-01-23,Uttar Pradesh,Kanpur,4139,476,4552,False,Jan 2025,25.97,Medium,Moderate,No
2025-01-23,Maharashtra,Pune,1217,1382,1338,False,Jan 2025,10.24,High,Moderate,No
2025-01-23,Maharashtra,Nagpur,2519,445,2770,False,Jan 2025,43.92,Medium,Stable,No
2025-01-23,Maharashtra,Mumbai,643,1951,707,False,Jan 2025,39.68,High,Moderate,No
2025-01-23,Bihar,Patna,3445,937,3789,False,Jan 2025,38.7,Low,Stable,No
2025-01-23,Bihar,Gaya,2671,1439,2938,False,Jan 2025,6.05,Medium,Stable,No
2025-01-23,Bihar,Muzaffarpur,3776,1600,4153,False,Jan 2025,25.55,Low,Stable,No
2025-01-23,West Bengal,Kolkata,4973,536,5470,False,Jan 2025,-7.27,Medium,Stable,Yes
2025-01-23,West Bengal,Howrah,4200,1241,4620,False,Jan 2025,35.08,Medium,Stable,No
2025-01-23,West Bengal,Darjeeling,4828,245,5310,False,Jan 2025,8.24,Low,Stable,No
2025-01-23,Madhya Pradesh,Bhopal,100,1732,110,False,Jan 2025,-1.98,Low,High,Yes
2025-01-23,Madhya Pradesh,Indore,4166,1202,4582,False,Jan 2025,16.57,Low,Stable,No
2025-01-23,Madhya Pradesh,Gwalior,1207,631,1327,False,Jan 2025,16.45,Low,Stable,No
2025-01-23,Tamil Nadu,Chennai,3882,1946,4270,False,Jan 2025,1.19,Low,Stable,No
2025-01-23,Tamil Nadu,Coimbatore,567,1820,623,False,Jan 2025,-6.05,Low,Stable,Yes
2025-01-23,Tamil Nadu,Madurai,3467,1633,3813,False,Jan 2025,-8.08,Medium,Stable,Yes
2025-01-23,Rajasthan,Jaipur,2455,893,2700,False,Jan 2025,6.37,Low,Stable,No
2025-01-23,Rajasthan,Udaipur,221,1212,243,False,Jan 2025,33.56,Low,Stable,No
2025-01-23,Rajasthan,Kota,480,1907,528,False,Jan 2025,36.21,Low,Stable,No
2025-01-23,Karnataka,Bengaluru,4689,1456,5157,False,Jan 2025,35.47,Low,Stable,No
2025-01-23,Karnataka,Mysuru,1078,701,1185,False,Jan 2025,38.92,Low,Moderate,No
2025-01-23,Karnataka,Hubli,3697,1475,4066,False,Jan 2025,37.25,Medium,High,No
2025-01-23,Gujarat,Ahmedabad,4396,1064,4835,False,Jan 2025,45.39,Low,Stable,No
2025-01-23,Gujarat,Surat,116,1613,127,False,Jan 2025,42.16,Low,Moderate,No
2025-01-23,Gujarat,Vadodara,238,989,261,False,Jan 2025,30.98,Medium,Stable,No
2025-01-23,Andhra Pradesh,Visakhapatnam,2218,92,2439,False,Jan 2025,14.12,Low,Stable,No
2025-01-23,Andhra Pradesh,Vijayawada,889,1720,977,False,Jan 2025,36.43,Low,High,No
2025-01-23,Andhra Pradesh,Guntur,964,365,1060,False,Jan 2025,-6.43,Low,Stable,Yes
2025-01-24,Uttar Pradesh,Lucknow,973,304,1070,False,Jan 2025,47.16,Medium,Stable,No
2025-01-24,Uttar Pradesh,Varanasi,2775,671,3052,False,Jan 2025,6.08,Medium,High,No
2025-01-24,Uttar Pradesh,Kanpur,2442,1032,2686,False,Jan 2025,17.35,Low,Stable,No
2025-01-24,Maharashtra,Pune,3039,795,3342,False,Jan 2025,26.74,Low,Stable,No
2025-01-24,Maharashtra,Nagpur,3911,170,4302,False,Jan 2025,11.89,High,Moderate,No
2025-01-24,Maharashtra,Mumbai,4130,1640,4543,False,Jan 2025,25.96,Low,Stable,No
2025-01-24,Bihar,Patna,223,1005,245,False,Jan 2025,42.87,Low,Moderate,No
2025-01-24,Bihar,Gaya,3530,639,3883,False,Jan 2025,46.18,Low,Stable,No
2025-01-24,Bihar,Muzaffarpur,3906,1814,4296,False,Jan 2025,4.13,Low,Stable,No
2025-01-24,West Bengal,Kolkata,784,880,862,False,Jan 2025,49.93,High,High,No
2025-01-24,West Bengal,Howrah,1162,1957,1278,False,Jan 2025,7.31,Low,Stable,No
2025-01-24,West Bengal,Darjeeling,3078,1700,3385,False,Jan 2025,24.75,Low,Stable,No
2025-01-24,Madhya Pradesh,Bhopal,1765,1820,1941,False,Jan 2025,6.38,Medium,Stable,No
2025-01-24,Madhya Pradesh,Indore,2242,1050,2466,False,Jan 2025,-8.34,Low,High,Yes
2025-01-24,Madhya Pradesh,Gwalior,4013,1075,4414,False,Jan 2025,19.25,Low,Stable,No
2025-01-24,Tamil Nadu,Chennai,4487,347,4935,False,Jan 2025,0.6,Low,Stable,No
2025-01-24,Tamil Nadu,Coimbatore,2238,1979,2461,False,Jan 2025,31.53,Low,Stable,No
2025-01-24,Tamil Nadu,Madurai,4034,933,4437,False,Jan 2025,-2.07,Low,Stable,Yes
2025-01-24,Rajasthan,Jaipur,292,627,321,False,Jan 2025,26.43,Medium,Moderate,No
2025-01-24,Rajasthan,Udaipur,1666,1664,1832,False,Jan 2025,45.2,Low,Stable,No
2025-01-24,Rajasthan,Kota,2156,1062,2371,True,Jan 2025,35.73,Low,Stable,No
2025-01-24,Karnataka,Bengaluru,1081,478,1189,False,Jan 2025,2.64,Low,Moderate,No
2025-01-24,Karnataka,Mysuru,1759,565,1934,False,Jan 2025,47.8,Low,Stable,No
2025-01-24,Karnataka,Hubli,956,690,1051,False,Jan 2025,36.76,Low,Stable,No
2025-01-24,Gujarat,Ahmedabad,4952,925,5447,False,Jan 2025,3.52,Medium,Stable,No
2025-01-24,Gujarat,Surat,3438,422,3781,False,Jan 2025,8.72,Low,Stable,No
2025-01-24,Gujarat,Vadodara,2834,814,3117,False,Jan 2025,-4.38,Low,Moderate,Yes
2025-01-24,Andhra Pradesh,Visakhapatnam,2231,1201,2454,False,Jan 2025,34.21,Low,Stable,No
2025-01-24,Andhra Pradesh,Vijayawada,1333,1742,1466,False,Jan 2025,11.48,Low,Stable,No
2025-01-24,Andhra Pradesh,Guntur,4462,1575,4908,False,Jan 2025,28.41,High,Stable,No
2025-01-25,Uttar Pradesh,Lucknow,1038,1468,1141,False,Jan 2025,-9.03,Medium,Stable,Yes
2025-01-25,Uttar Pradesh,Varanasi,709,1360,779,False,Jan 2025,6.98,High,Stable,No
2025-01-25,Uttar Pradesh,Kanpur,1677,560,1844,False,Jan 2025,11.82,Medium,High,No
2025-01-25,Maharashtra,Pune,407,606,447,False,Jan 2025,-7.26,Low,High,Yes
2025-01-25,Maharashtra,Nagpur,1489,285,1637,False,Jan 2025,24.0,Low,Stable,No
2025-01-25,Maharashtra,Mumbai,2253,1220,2478,False,Jan 2025,1.98,Medium,Stable,No
2025-01-25,Bihar,Patna,4789,344,5267,False,Jan 2025,23.7,Low,Stable,No
2025-01-25,Bihar,Gaya,1493,666,1642,False,Jan 2025,22.08,High,Stable,No
2025-01-25,Bihar,Muzaffarpur,4156,1691,4571,False,Jan 2025,11.3,Low,High,No
2025-01-25,West Bengal,Kolkata,1806,1220,1986,False,Jan 2025,-0.28,Low,High,Yes
2025-01-25,West Bengal,Howrah,1563,766,1719,False,Jan 2025,32.28,High,Stable,No
2025-01-25,West Bengal,Darjeeling,2997,1470,3296,False,Jan 2025,-8.39,High,Stable,Yes
2025-01-25,Madhya Pradesh,Bhopal,2651,547,2916,True,Jan 2025,0.73,Medium,Stable,No
2025-01-25,Madhya Pradesh,Indore,197,1201,216,False,Jan 2025,26.21,Low,Moderate,No
2025-01-25,Madhya Pradesh,Gwalior,1269,1155,1395,False,Jan 2025,29.86,Low,Stable,No
2025-01-25,Tamil Nadu,Chennai,1180,1743,1298,False,Jan 2025,42.03,Low,Stable,No
2025-01-25,Tamil Nadu,Coimbatore,4534,1178,4987,False,Jan 2025,46.62,Medium,Moderate,No
2025-01-25,Tamil Nadu,Madurai,4021,234,4423,False,Jan 2025,46.01,Low,Stable,No
2025-01-25,Rajasthan,Jaipur,2667,233,2933,False,Jan 2025,-8.0,Medium,Stable,Yes
2025-01-25,Rajasthan,Udaipur,1967,1164,2163,False,Jan 2025,44.67,Low,Stable,No
2025-01-25,Rajasthan,Kota,1536,1330,1689,False,Jan 2025,35.64,Low,Stable,No
2025-01-25,Karnataka,Bengaluru,2626,1590,2888,False,Jan 2025,-3.51,Medium,Stable,Yes
2025-01-25,Karnataka,Mysuru,2325,1696,2557,False,Jan 2025,4.36,Low,Stable,No
2025-01-25,Karnataka,Hubli,2137,1432,2350,False,Jan 2025,28.44,Low,Moderate,No
2025-01-25,Gujarat,Ahmedabad,2678,108,2945,False,Jan 2025,44.07,Low,Stable,No
2025-01-25,Gujarat,Surat,2026,337,2228,False,Jan 2025,-1.54,Medium,Stable,Yes
2025-01-25,Gujarat,Vadodara,196,1063,215,False,Jan 2025,-5.73,Low,Stable,Yes
2025-01-25,Andhra Pradesh,Visakhapatnam,4721,1711,5193,False,Jan 2025,10.6,Medium,Stable,No
2025-01-25,Andhra Pradesh,Vijayawada,1960,487,2156,False,Jan 2025,-6.88,Low,Stable,Yes
2025-01-25,Andhra Pradesh,Guntur,610,1387,671,False,Jan 2025,5.62,Low,Stable,No
2025-01-26,Uttar Pradesh,Lucknow,3493,334,3842,False,Jan 2025,11.18,Low,Stable,No
2025-01-26,Uttar Pradesh,Varanasi,1120,591,1232,True,Jan 2025,19.25,Low,Moderate,No
2025-01-26,Uttar Pradesh,Kanpur,1149,1835,1263,False,Jan 2025,1.02,Medium,Stable,No
2025-01-26,Maharashtra,Pune,2776,1311,3053,False,Jan 2025,49.34,Medium,Stable,No
2025-01-26,Maharashtra,Nagpur,2116,681,2327,False,Jan 2025,34.69,Medium,Stable,No
2025-01-26,Maharashtra,Mumbai,3625,1331,3987,False,Jan 2025,21.97,Medium,Stable,No
2025-01-26,Bihar,Patna,934,1850,1027,False,Jan 2025,42.25,Medium,Moderate,No
2025-01-26,Bihar,Gaya,825,876,907,False,Jan 2025,5.22,Low,Stable,No
2025-01-26,Bihar,Muzaffarpur,4608,1859,5068,False,Jan 2025,5.28,Medium,Stable,No
2025-01-26,West Bengal,Kolkata,2856,111,3141,False,Jan 2025,41.48,Low,Moderate,No
2025-01-26,West Bengal,Howrah,1591,906,1750,False,Jan 2025,43.8,Low,Stable,No
2025-01-26,West Bengal,Darjeeling,4727,566,5199,False,Jan 2025,-4.07,Low,Moderate,Yes
2025-01-26,Madhya Pradesh,Bhopal,3113,1638,3424,False,Jan 2025,13.97,Medium,Stable,No
2025-01-26,Madhya Pradesh,Indore,1767,1544,1943,False,Jan 2025,36.81,High,Stable,No
2025-01-26,Madhya Pradesh,Gwalior,1803,694,1983,False,Jan 2025,-0.34,High,Stable,Yes
2025-01-26,Tamil Nadu,Chennai,428,289,470,False,Jan 2025,4.19,Low,Stable,No
2025-01-26,Tamil Nadu,Coimbatore,2925,765,3217,True,Jan 2025,4.22,Low,Stable,No
2025-01-26,Tamil Nadu,Madurai,2717,728,2988,False,Jan 2025,11.03,Medium,Stable,No
2025-01-26,Rajasthan,Jaipur,1570,453,1727,False,Jan 2025,25.98,Low,Stable,No
2025-01-26,Rajasthan,Udaipur,4168,171,4584,False,Jan 2025,44.47,Medium,Moderate,No
2025-01-26,Rajasthan,Kota,4748,320,5222,False,Jan 2025,24.03,Medium,Stable,No
2025-01-26,Karnataka,Bengaluru,846,790,930,False,Jan 2025,34.38,Low,High,No
2025-01-26,Karnataka,Mysuru,939,1569,1032,False,Jan 2025,4.28,Medium,Moderate,No
2025-01-26,Karnataka,Hubli,2147,1764,2361,False,Jan 2025,45.84,Medium,Stable,No
2025-01-26,Gujarat,Ahmedabad,894,1237,983,False,Jan 2025,16.36,Medium,Stable,No
2025-01-26,Gujarat,Surat,3060,590,3366,False,Jan 2025,10.85,High,Moderate,No
2025-01-26,Gujarat,Vadodara,3131,1846,3444,False,Jan 2025,23.19,Low,Stable,No
2025-01-26,Andhra Pradesh,Visakhapatnam,1426,282,1568,False,Jan 2025,21.18,Medium,Stable,No
2025-01-26,Andhra Pradesh,Vijayawada,2726,569,2998,True,Jan 2025,4.64,Medium,Moderate,No
2025-01-26,Andhra Pradesh,Guntur,3330,987,3663,False,Jan 2025,42.43,Low,Stable,No
2025-01-27,Uttar Pradesh,Lucknow,1405,1606,1545,False,Jan 2025,12.67,Low,Stable,No
2025-01-27,Uttar Pradesh,Varanasi,412,817,453,False,Jan 2025,46.34,High,Stable,No
2025-01-27,Uttar Pradesh,Kanpur,3730,338,4103,False,Jan 2025,13.63,High,High,No
2025-01-27,Maharashtra,Pune,4892,568,5381,False,Jan 2025,11.76,Low,Stable,No
2025-01-27,Maharashtra,Nagpur,3349,1050,3683,False,Jan 2025,3.67,Low,Stable,No
2025-01-27,Maharashtra,Mumbai,746,877,820,False,Jan 2025,0.39,Low,Stable,No
2025-01-27,Bihar,Patna,383,1219,421,False,Jan 2025,-2.76,Medium,Stable,Yes
2025-01-27,Bihar,Gaya,2542,1399,2796,False,Jan 2025,42.9,Medium,Stable,No
2025-01-27,Bihar,Muzaffarpur,3062,1100,3368,False,Jan 2025,23.81,Low,Moderate,No
2025-01-27,West Bengal,Kolkata,1427,1500,1569,False,Jan 2025,21.53,Low,Stable,No
2025-01-27,West Bengal,Howrah,2056,1090,2261,False,Jan 2025,9.73,Medium,Stable,No
2025-01-27,West Bengal,Darjeeling,315,354,346,False,Jan 2025,37.96,High,High,No
2025-01-27,Madhya Pradesh,Bhopal,1640,1911,1804,False,Jan 2025,18.44,Low,Moderate,No
2025-01-27,Madhya Pradesh,Indore,3369,1016,3705,False,Jan 2025,1.05,Low,Stable,No
2025-01-27,Madhya Pradesh,Gwalior,351,104,386,False,Jan 2025,14.59,Low,Stable,No
2025-01-27,Tamil Nadu,Chennai,3355,1916,3690,False,Jan 2025,-0.94,Low,Stable,Yes
2025-01-27,Tamil Nadu,Coimbatore,734,200,807,False,Jan 2025,14.39,High,Moderate,No
2025-01-27,Tamil Nadu,Madurai,349,1617,383,False,Jan 2025,3.12,Low,Stable,No
2025-01-27,Rajasthan,Jaipur,4394,1904,4833,False,Jan 2025,47.4,High,Moderate,No
2025-01-27,Rajasthan,Udaipur,2083,1849,2291,False,Jan 2025,24.28,Low,High,No
2025-01-27,Rajasthan,Kota,1876,1993,2063,False,Jan 2025,-5.87,Medium,Stable,Yes
2025-01-27,Karnataka,Bengaluru,4896,1069,5385,False,Jan 2025,3.47,Medium,Stable,No
2025-01-27,Karnataka,Mysuru,3904,184,4294,False,Jan 2025,-2.18,Low,Stable,Yes
2025-01-27,Karnataka,Hubli,3956,1678,4351,False,Jan 2025,30.67,Low,Moderate,No
2025-01-27,Gujarat,Ahmedabad,2491,1363,2740,False,Jan 2025,-6.98,Low,Stable,Yes
2025-01-27,Gujarat,Surat,2913,1079,3204,False,Jan 2025,13.67,Low,Stable,No
2025-01-27,Gujarat,Vadodara,2868,748,3154,True,Jan 2025,22.39,Medium,Stable,No
2025-01-27,Andhra Pradesh,Visakhapatnam,2528,58,2780,False,Jan 2025,47.22,Low,Stable,No
2025-01-27,Andhra Pradesh,Vijayawada,1206,765,1326,False,Jan 2025,19.27,Medium,Moderate,No
2025-01-27,Andhra Pradesh,Guntur,148,168,162,False,Jan 2025,19.17,Medium,Stable,No
2025-01-28,Uttar Pradesh,Lucknow,4760,1464,5236,False,Jan 2025,-7.92,Low,Stable,Yes
2025-01-28,Uttar Pradesh,Varanasi,2490,125,2739,False,Jan 2025,28.14,Low,Stable,No
2025-01-28,Uttar Pradesh,Kanpur,858,1219,943,False,Jan 2025,44.71,Low,Moderate,No
2025-01-28,Maharashtra,Pune,209,1655,229,False,Jan 2025,42.72,High,Stable,No
2025-01-28,Maharashtra,Nagpur,507,1112,557,False,Jan 2025,39.33,Low,Stable,No
2025-01-28,Maharashtra,Mumbai,877,1246,964,False,Jan 2025,13.2,Medium,Stable,No
2025-01-28,Bihar,Patna,4895,1890,5384,False,Jan 2025,-0.07,Low,Stable,Yes
2025-01-28,Bihar,Gaya,1899,746,2088,False,Jan 2025,29.13,Low,Moderate,No
2025-01-28,Bihar,Muzaffarpur,4797,590,5276,False,Jan 2025,17.4,Medium,High,No
2025-01-28,West Bengal,Kolkata,4769,1896,5245,False,Jan 2025,6.23,Low,Moderate,No
2025-01-28,West Bengal,Howrah,4112,561,4523,False,Jan 2025,38.95,Low,High,No
2025-01-28,West Bengal,Darjeeling,1583,580,1741,False,Jan 2025,38.11,Medium,Stable,No
2025-01-28,Madhya Pradesh,Bhopal,1236,1953,1359,False,Jan 2025,25.96,Low,Stable,No
2025-01-28,Madhya Pradesh,Indore,4699,283,5168,False,Jan 2025,-7.28,Low,Stable,Yes
2025-01-28,Madhya Pradesh,Gwalior,2595,1172,2854,False,Jan 2025,-0.35,Low,Stable,Yes
2025-01-28,Tamil Nadu,Chennai,4694,907,5163,False,Jan 2025,34.11,Low,Moderate,No
2025-01-28,Tamil Nadu,Coimbatore,575,1240,632,False,Jan 2025,-7.62,Low,Stable,Yes
2025-01-28,Tamil Nadu,Madurai,4524,1149,4976,False,Jan 2025,30.41,Low,Stable,No
2025-01-28,Rajasthan,Jaipur,2215,394,2436,False,Jan 2025,42.78,Low,Moderate,No
2025-01-28,Rajasthan,Udaipur,798,1544,877,False,Jan 2025,-4.12,Low,Moderate,Yes
2025-01-28,Rajasthan,Kota,2161,769,2377,True,Jan 2025,36.7,Medium,Stable,No
2025-01-28,Karnataka,Bengaluru,4113,91,4524,False,Jan 2025,-6.98,Low,Stable,Yes
2025-01-28,Karnataka,Mysuru,2993,1323,3292,False,Jan 2025,-5.36,Medium,High,Yes
2025-01-28,Karnataka,Hubli,495,1437,544,False,Jan 2025,7.25,Medium,Stable,No
2025-01-28,Gujarat,Ahmedabad,3370,670,3707,False,Jan 2025,16.19,Medium,Stable,No
2025-01-28,Gujarat,Surat,131,859,144,False,Jan 2025,11.43,Low,Moderate,No
2025-01-28,Gujarat,Vadodara,829,1404,911,False,Jan 2025,-7.44,Medium,Stable,Yes
2025-01-28,Andhra Pradesh,Visakhapatnam,137,852,150,False,Jan 2025,20.12,Low,Stable,No
2025-01-28,Andhra Pradesh,Vijayawada,4632,702,5095,False,Jan 2025,25.29,High,Moderate,No
2025-01-28,Andhra Pradesh,Guntur,479,1167,526,False,Jan 2025,21.72,Medium,Moderate,No
2025-01-29,Uttar Pradesh,Lucknow,4963,517,5459,False,Jan 2025,35.71,Low,Stable,No
2025-01-29,Uttar Pradesh,Varanasi,4685,1066,5153,False,Jan 2025,27.79,Low,High,No
2025-01-29,Uttar Pradesh,Kanpur,1986,128,2184,False,Jan 2025,-3.54,Low,High,Yes
2025-01-29,Maharashtra,Pune,4253,567,4678,False,Jan 2025,-2.82,Low,Stable,Yes
2025-01-29,Maharashtra,Nagpur,3243,1702,3567,False,Jan 2025,36.01,Low,Moderate,No
2025-01-29,Maharashtra,Mumbai,801,1221,881,False,Jan 2025,20.79,Low,Moderate,No
2025-01-29,Bihar,Patna,4309,1236,4739,False,Jan 2025,29.68,Low,Stable,No
2025-01-29,Bihar,Gaya,1150,81,1265,False,Jan 2025,-9.89,Low,Stable,Yes
2025-01-29,Bihar,Muzaffarpur,1113,219,1224,False,Jan 2025,0.3,Low,High,No
2025-01-29,West Bengal,Kolkata,1442,663,1586,False,Jan 2025,-9.02,Low,Stable,Yes
2025-01-29,West Bengal,Howrah,2751,660,3026,False,Jan 2025,39.08,Low,Stable,No
2025-01-29,West Bengal,Darjeeling,4397,1239,4836,False,Jan 2025,24.23,Medium,Stable,No
2025-01-29,Madhya Pradesh,Bhopal,1709,1958,1879,False,Jan 2025,2.61,High,Stable,No
2025-01-29,Madhya Pradesh,Indore,4657,687,5122,False,Jan 2025,29.56,Low,Moderate,No
2025-01-29,Madhya Pradesh,Gwalior,4486,972,4934,False,Jan 2025,46.21,Low,Stable,No
2025-01-29,Tamil Nadu,Chennai,2556,1317,2811,False,Jan 2025,-5.03,Low,Stable,Yes
2025-01-29,Tamil Nadu,Coimbatore,3589,1331,3947,False,Jan 2025,-5.12,Medium,Stable,Yes
2025-01-29,Tamil Nadu,Madurai,1927,1190,2119,False,Jan 2025,21.48,Medium,Stable,No
2025-01-29,Rajasthan,Jaipur,339,750,372,False,Jan 2025,1.53,Medium,Moderate,No
2025-01-29,Rajasthan,Udaipur,3955,1668,4350,False,Jan 2025,41.99,Medium,Stable,No
2025-01-29,Rajasthan,Kota,1958,1319,2153,False,Jan 2025,21.09,Low,Stable,No
2025-01-29,Karnataka,Bengaluru,574,549,631,False,Jan 2025,5.91,Low,Stable,No
2025-01-29,Karnataka,Mysuru,1824,305,2006,False,Jan 2025,7.65,Medium,Stable,No
2025-01-29,Karnataka,Hubli,480,1992,528,False,Jan 2025,42.12,Low,Moderate,No
2025-01-29,Gujarat,Ahmedabad,4555,278,5010,False,Jan 2025,10.05,Medium,Moderate,No
2025-01-29,Gujarat,Surat,3446,415,3790,False,Jan 2025,21.2,Low,Stable,No
2025-01-29,Gujarat,Vadodara,1124,671,1236,False,Jan 2025,-2.61,Low,Stable,Yes
2025-01-29,Andhra Pradesh,Visakhapatnam,2924,804,3216,False,Jan 2025,45.1,Low,Stable,No
2025-01-29,Andhra Pradesh,Vijayawada,1495,1469,1644,False,Jan 2025,39.88,High,High,No
2025-01-29,Andhra Pradesh,Guntur,4804,1113,5284,False,Jan 2025,-8.89,Low,Moderate,Yes
2025-01-30,Uttar Pradesh,Lucknow,1833,1366,2016,False,Jan 2025,42.89,Low,Stable,No
2025-01-30,Uttar Pradesh,Varanasi,392,593,431,False,Jan 2025,11.12,Medium,Stable,No
2025-01-30,Uttar Pradesh,Kanpur,4886,1160,5374,False,Jan 2025,44.44,Low,Stable,No
2025-01-30,Maharashtra,Pune,1788,1590,1966,False,Jan 2025,40.59,Medium,Stable,No
2025-01-30,Maharashtra,Nagpur,1512,845,1663,False,Jan 2025,22.78,Medium,Stable,No
2025-01-30,Maharashtra,Mumbai,2703,1015,2973,False,Jan 2025,18.34,Medium,Stable,No
2025-01-30,Bihar,Patna,1495,1952,1644,False,Jan 2025,15.56,Low,Stable,No
2025-01-30,Bihar,Gaya,1291,1135,1420,False,Jan 2025,1.38,Low,Stable,No
2025-01-30,Bihar,Muzaffarpur,4006,1955,4406,False,Jan 2025,-5.13,Medium,Stable,Yes
2025-01-30,West Bengal,Kolkata,811,143,892,False,Jan 2025,32.34,Medium,High,No
2025-01-30,West Bengal,Howrah,3994,1419,4393,False,Jan 2025,12.62,Low,Moderate,No
2025-01-30,West Bengal,Darjeeling,195,1757,214,False,Jan 2025,-2.75,Medium,Moderate,Yes
2025-01-30,Madhya Pradesh,Bhopal,3422,755,3764,False,Jan 2025,44.77,High,High,No
2025-01-30,Madhya Pradesh,Indore,2288,1100,2516,False,Jan 2025,11.38,Medium,Moderate,No
2025-01-30,Madhya Pradesh,Gwalior,4771,1319,5248,False,Jan 2025,10.8,Low,Moderate,No
2025-01-30,Tamil Nadu,Chennai,4648,424,5112,False,Jan 2025,21.93,Medium,High,No
2025-01-30,Tamil Nadu,Coimbatore,1910,568,2101,False,Jan 2025,31.16,Low,Stable,No
2025-01-30,Tamil Nadu,Madurai,670,841,737,True,Jan 2025,32.04,Low,Stable,No
2025-01-30,Rajasthan,Jaipur,855,1751,940,False,Jan 2025,20.97,Low,Stable,No
2025-01-30,Rajasthan,Udaipur,1118,946,1229,False,Jan 2025,39.51,Medium,Stable,No
2025-01-30,Rajasthan,Kota,3380,1952,3718,False,Jan 2025,26.2,Low,Stable,No
2025-01-30,Karnataka,Bengaluru,3511,857,3862,False,Jan 2025,-5.82,Low,Stable,Yes
2025-01-30,Karnataka,Mysuru,2214,92,2435,False,Jan 2025,26.72,Medium,Moderate,No
2025-01-30,Karnataka,Hubli,2950,1397,3245,False,Jan 2025,46.91,Medium,Stable,No
2025-01-30,Gujarat,Ahmedabad,2869,508,3155,False,Jan 2025,9.12,Medium,Moderate,No
2025-01-30,Gujarat,Surat,3327,67,3659,False,Jan 2025,47.89,Medium,Stable,No
2025-01-30,Gujarat,Vadodara,3134,217,3447,False,Jan 2025,19.71,Low,Moderate,No
2025-01-30,Andhra Pradesh,Visakhapatnam,3561,1227,3917,False,Jan 2025,5.74,Low,High,No
2025-01-30,Andhra Pradesh,Vijayawada,820,312,902,False,Jan 2025,12.41,Low,Stable,No
2025-01-30,Andhra Pradesh,Guntur,2683,189,2951,False,Jan 2025,0.91,Low,High,No
